video_name,label
00001,1
00002,2
00004,1
00006,3
00007,3
00008,1
00010,6
00011,4
00012,4
00013,2
00015,3
00016,6
00018,0
00019,4
00020,3
00021,0
00022,1
00024,1
00025,3
00026,3
00027,2
00029,0
00031,3
00032,6
00033,0
00034,0
00037,2
00043,4
00045,4
00046,5
00048,1
00049,1
00053,3
00054,0
00055,0
00056,6
00057,1
00059,3
00060,0
00061,4
00063,2
00064,3
00065,6
00070,2
00071,0
00072,2
00073,0
00074,2
00075,2
00077,4
00078,0
00079,1
00080,1
00082,0
00083,0
00084,6
00085,2
00087,2
00089,0
00091,1
00093,4
00094,1
00095,2
00097,3
00098,0
00099,6
00101,6
00103,1
00106,3
00107,1
00108,6
00109,3
00111,3
00112,2
00113,0
00116,3
00117,4
00119,0
00120,1
00122,1
00124,3
00126,2
00127,4
00128,0
00129,2
00130,3
00131,1
00133,4
00134,2
00135,1
00136,3
00138,3
00139,0
00140,3
00141,2
00142,6
00143,3
00145,4
00146,0
00147,0
00148,0
00149,1
00150,1
00151,4
00152,2
00154,2
00155,3
00157,3
00159,3
00160,2
00161,0
00162,2
00164,3
00165,6
00166,3
00167,2
00168,2
00169,0
00170,3
00172,3
00173,4
00174,6
00175,2
00177,1
00178,2
00179,0
00180,3
00183,6
00184,2
00185,0
00186,1
00187,3
00188,1
00190,0
00191,0
00194,3
00195,2
00197,3
00199,0
00200,2
00204,6
00205,4
00206,3
00207,1
00208,4
00211,2
00212,4
00214,2
00215,1
00216,0
00217,3
00218,2
00219,3
00220,2
00221,2
00222,3
00225,2
00226,0
00227,6
00228,0
00229,1
00231,2
00232,1
00233,6
00234,1
00236,2
00240,3
00242,0
00244,3
00246,2
00248,0
00249,2
00250,2
00251,3
00252,3
00253,3
00256,4
00259,2
00260,4
00261,2
00262,5
00263,4
00264,4
00267,6
00269,1
00270,0
00271,3
00272,2
00273,4
00276,3
00277,2
00278,6
00280,2
00282,2
00283,1
00284,0
00285,2
00287,2
00290,6
00293,0
00295,1
00296,2
00297,3
00300,1
00301,6
00305,0
00308,2
00309,4
00310,0
00311,3
00312,2
00315,0
00316,0
00317,3
00318,2
00319,2
00320,2
00321,1
00324,6
00326,2
00327,3
00329,1
00331,1
00332,4
00334,3
00338,1
00339,0
00340,3
00341,1
00342,0
00343,3
00344,2
00345,0
00346,3
00348,3
00349,2
00350,1
00351,3
00352,0
00354,4
00356,0
00357,3
00358,6
00360,3
00361,3
00362,1
00363,2
00365,1
00366,4
00367,0
00368,2
00369,6
00370,0
00372,1
00373,3
00374,2
00375,2
00377,4
00378,1
00379,1
00380,2
00383,3
00384,4
00386,0
00387,0
00393,3
00394,0
00396,3
00399,0
00400,1
00401,3
00403,4
00404,1
00405,0
00408,3
00410,2
00413,3
00414,0
00415,0
00416,2
00417,1
00418,2
00420,2
00421,0
00423,1
00424,3
00426,6
00430,2
00431,3
00432,2
00433,4
00435,3
00436,3
00437,2
00438,2
00442,5
00443,3
00444,0
00445,1
00446,6
00447,4
00448,3
00449,3
00452,2
00453,4
00456,2
00457,0
00458,0
00459,2
00460,2
00461,6
00463,0
00464,1
00465,3
00466,4
00467,2
00470,2
00471,4
00472,3
00473,3
00474,0
00475,4
00477,0
00478,0
00480,2
00482,1
00485,1
00486,1
00488,0
00489,2
00490,2
00491,0
00493,4
00496,1
00497,0
00498,1
00499,3
00500,0
00501,6
00503,2
00505,2
00506,0
00507,2
00508,0
00509,6
00510,1
00512,1
00515,2
00516,6
00518,6
00519,0
00520,0
00521,4
00522,3
00523,6
00524,1
00527,0
00528,0
00529,1
00530,6
00532,0
00534,4
00535,3
00536,3
00538,6
00539,3
00540,1
00541,2
00543,1
00544,1
00545,0
00546,1
00547,1
00548,1
00549,0
00551,1
00552,4
00553,3
00555,1
00556,1
00558,3
00560,3
00563,3
00564,3
00565,6
00566,3
00569,3
00570,3
00571,1
00572,2
00573,6
00574,6
00576,4
00581,1
00582,2
00583,1
00584,6
00586,1
00587,1
00588,4
00589,2
00591,4
00592,1
00593,1
00594,5
00595,0
00596,0
00597,3
00598,1
00600,5
00602,3
00603,0
00604,3
00605,2
00606,3
00607,3
00608,0
00610,3
00611,2
00612,2
00623,1
00625,1
00626,1
00627,0
00628,0
00629,1
00631,0
00632,6
00633,2
00634,0
00636,0
00637,1
00638,2
00639,3
00640,6
00641,3
00643,2
00644,6
00645,3
00646,6
00647,0
00648,2
00650,2
00653,2
00654,4
00655,5
00656,0
00657,6
00658,1
00659,1
00661,3
00662,3
00663,0
00664,3
00665,2
00666,3
00670,1
00671,0
00674,0
00676,3
00677,2
00678,6
00683,3
00684,4
00685,3
00686,0
00689,2
00690,2
00691,0
00693,3
00694,0
00695,4
00696,2
00699,1
00700,4
00701,2
00703,0
00704,3
00705,1
00706,4
00707,4
00708,1
00709,6
00711,0
00714,2
00715,0
00716,5
00718,1
00720,0
00721,4
00722,0
00725,0
00726,1
00727,3
00728,4
00731,3
00733,1
00734,6
00736,0
00739,6
00740,2
00741,2
00742,0
00743,0
00744,3
00746,2
00747,4
00749,0
00750,0
00751,6
00752,2
00755,0
00756,0
00757,0
00759,4
00760,3
00761,1
00764,6
00765,3
00767,3
00769,0
00770,6
00771,3
00772,3
00773,2
00774,2
00775,4
00776,0
00777,4
00778,4
00780,6
00781,1
00783,3
00784,3
00785,0
00787,3
00788,2
00789,5
00790,0
00791,3
00792,3
00793,4
00797,3
00799,0
00800,4
00801,0
00802,4
00803,6
00804,1
00805,0
00806,0
00808,1
00809,2
00810,1
00813,2
00814,3
00816,4
00817,2
00818,1
00819,2
00820,3
00821,2
00822,3
00825,0
00826,4
00827,3
00829,3
00830,2
00832,4
00833,0
00836,4
00837,4
00838,0
00841,2
00843,5
00844,3
00845,2
00847,0
00848,0
00849,6
00850,3
00851,4
00852,2
00853,0
00854,0
00856,4
00857,3
00859,2
00861,2
00862,3
00865,0
00866,4
00867,0
00868,1
00869,0
00871,1
00873,0
00875,1
00876,6
00878,2
00879,3
00880,3
00882,2
00885,1
00886,0
00887,3
00890,2
00893,6
00895,0
00896,4
00897,6
00898,0
00899,5
00900,2
00902,6
00903,1
00904,0
00905,1
00906,0
00907,2
00911,4
00912,2
00913,3
00914,2
00915,1
00916,1
00917,0
00919,1
00925,0
00926,2
00928,3
00929,3
00930,1
00931,2
00934,4
00935,4
00937,2
00938,0
00939,4
00940,1
00941,4
00942,2
00945,2
00947,2
00949,3
00950,3
00951,2
00955,0
00956,0
00957,3
00960,0
00961,6
00962,4
00963,2
00965,1
00966,3
00967,1
00972,3
00975,2
00977,4
00978,2
00979,0
00981,4
00982,1
00983,1
00984,0
00985,1
00986,6
00987,1
00988,1
00989,1
00991,4
00993,2
00994,3
00995,2
00996,1
00998,0
00999,2
01000,6
01001,3
01004,0
01005,6
01006,4
01007,0
01009,4
01011,6
01013,0
01014,1
01016,3
01017,2
01021,4
01023,3
01025,1
01026,1
01027,2
01028,1
01030,2
01031,4
01032,0
01034,6
01035,3
01036,3
01037,5
01038,1
01039,3
01040,1
01041,6
01042,3
01043,2
01044,4
01046,2
01047,3
01048,0
01049,2
01051,0
01052,1
01053,6
01054,3
01055,3
01057,1
01058,5
01059,1
01060,6
01063,3
01064,1
01065,4
01066,0
01068,0
01069,6
01071,1
01073,0
01074,0
01076,0
01077,6
01078,3
01079,6
01080,3
01081,1
01082,2
01084,0
01085,2
01087,2
01088,0
01089,4
01091,2
01092,3
01093,6
01094,2
01096,2
01097,3
01098,4
01101,2
01102,1
01103,0
01105,0
01106,1
01107,6
01108,4
01109,0
01110,3
01112,2
01114,2
01116,3
01118,3
01121,3
01122,0
01123,0
01124,1
01125,3
01126,1
01127,3
01128,2
01129,3
01130,3
01132,0
01134,3
01137,3
01140,0
01142,2
01143,3
01145,1
01146,3
01148,4
01149,0
01153,3
01154,2
01157,0
01160,0
01161,1
01162,3
01163,4
01164,1
01165,3
01166,0
01167,0
01168,3
01169,2
01171,3
01172,0
01174,3
01175,6
01176,6
01177,3
01179,2
01180,1
01181,6
01183,6
01184,6
01186,1
01187,4
01188,3
01189,1
01190,6
01192,2
01193,3
01194,1
01195,3
01196,1
01198,6
01201,2
01202,4
01205,4
01206,2
01207,1
01208,0
01209,4
01210,1
01213,1
01214,0
01215,4
01216,1
01217,1
01219,3
01220,0
01221,1
01223,3
01224,4
01225,6
01226,0
01227,1
01228,3
01229,0
01231,1
01232,6
01233,0
01234,0
01235,1
01238,0
01240,3
01242,0
01243,1
01244,3
01245,4
01247,1
01248,0
01249,6
01251,1
01252,1
01253,5
01254,3
01255,3
01256,1
01257,3
01259,0
01260,1
01262,2
01263,2
01264,6
01265,6
01266,6
01267,0
01268,1
01271,6
01274,2
01277,6
01278,5
01279,2
01280,0
01282,6
01283,1
01284,2
01285,2
01286,6
01287,4
01288,2
01289,3
01291,1
01293,3
01296,0
01297,0
01298,4
01300,2
01301,4
01302,4
01305,0
01307,1
01308,6
01311,3
01313,0
01315,0
01316,0
01317,0
01318,2
01320,2
01321,0
01322,1
01324,1
01325,3
01327,2
01328,0
01330,3
01332,2
01333,0
01335,1
01337,4
01342,1
01344,1
01345,4
01347,2
01350,3
01351,3
01352,0
01353,4
01355,3
01356,4
01357,4
01358,3
01360,3
01361,1
01362,0
01363,3
01364,1
01365,2
01366,3
01367,2
01368,0
01369,3
01370,0
01371,4
01372,2
01373,0
01374,4
01375,3
01378,4
01380,3
01381,6
01382,4
01383,0
01384,6
01386,0
01388,2
01389,3
01391,3
01392,0
01394,3
01395,1
01396,0
01397,0
01399,2
01400,2
01401,1
01402,4
01404,0
01407,6
01408,1
01410,4
01411,3
01413,2
01415,0
01416,4
01417,6
01419,4
01420,2
01424,2
01427,2
01428,0
01429,6
01430,0
01431,3
01432,3
01433,2
01434,1
01435,2
01436,2
01438,6
01439,3
01440,0
01441,0
01443,2
01444,3
01445,1
01446,0
01448,3
01449,0
01450,3
01451,1
01452,0
01456,0
01460,0
01461,2
01462,2
01464,4
01465,4
01466,3
01467,2
01468,1
01469,0
01470,3
01471,3
01472,1
01473,0
01474,3
01475,1
01476,1
01477,1
01478,2
01479,3
01481,0
01482,1
01483,1
01486,2
01487,3
01488,6
01489,4
01490,1
01491,1
01493,5
01494,3
01495,2
01496,3
01497,6
01498,3
01499,3
01500,3
01502,3
01503,6
01506,2
01507,6
01508,1
01509,0
01513,3
01514,2
01515,6
01516,2
01517,0
01519,0
01520,2
01521,0
01522,6
01524,2
01525,6
01529,1
01530,6
01532,3
01533,2
01534,0
01538,6
01540,2
01541,2
01542,6
01543,3
01544,2
01545,1
01546,6
01548,6
01549,4
01550,3
01551,0
01552,0
01553,5
01554,0
01555,1
01556,4
01557,0
01558,0
01559,6
01560,3
01561,4
01562,4
01563,2
01564,0
01565,2
01567,4
01570,2
01571,2
01573,0
01574,2
01575,6
01576,3
01577,2
01580,6
01581,0
01582,3
01583,2
01584,2
01587,3
01588,1
01589,0
01591,2
01592,2
01594,3
01595,2
01597,4
01598,3
01600,4
01601,3
01602,0
01603,0
01604,6
01605,2
01611,2
01612,2
01614,2
01616,4
01617,4
01618,1
01619,0
01620,1
01621,3
01623,2
01626,4
01627,4
01628,6
01629,3
01631,4
01632,0
01633,1
01634,3
01637,2
01639,0
01640,6
01641,3
01642,1
01643,0
01644,0
01645,2
01646,6
01648,6
01651,3
01652,2
01653,0
01655,0
01657,3
01659,4
01660,1
01663,4
01664,2
01666,0
01667,4
01668,2
01669,2
01670,6
01671,4
01673,0
01674,4
01675,1
01677,2
01678,2
01679,2
01680,6
01682,2
01683,1
01684,0
01685,6
01688,0
01689,0
01690,1
01691,3
01692,3
01694,1
01695,3
01696,6
01697,3
01699,2
01700,3
01701,0
01702,1
01705,6
01706,3
01707,2
01709,2
01710,0
01711,2
01715,2
01716,2
01717,3
01718,4
01719,3
01720,0
01721,6
01722,6
01724,3
01725,0
01726,0
01727,2
01728,3
01729,4
01731,6
01732,3
01733,6
01737,3
01738,6
01739,6
01740,3
01741,1
01742,6
01745,1
01746,0
01747,1
01748,3
01749,0
01750,0
01751,6
01752,2
01753,1
01754,1
01756,1
01758,3
01759,0
01761,0
01762,4
01763,2
01766,3
01767,2
01769,2
01774,1
01776,0
01779,1
01782,4
01785,3
01787,2
01788,2
01789,2
01790,3
01791,0
01792,6
01793,6
01795,6
01798,1
01799,0
01800,1
01801,3
01802,1
01806,2
01807,4
01808,2
01810,1
01812,2
01814,2
01815,6
01816,3
01818,1
01819,3
01820,2
01821,2
01822,4
01824,3
01825,2
01827,3
01830,1
01831,6
01832,4
01834,4
01835,2
01836,4
01840,2
01842,0
01843,2
01844,3
01845,2
01846,4
01847,6
01848,0
01851,2
01852,2
01854,1
01856,6
01857,1
01858,0
01859,0
01861,3
01863,3
01865,6
01866,0
01867,3
01868,1
01870,6
01873,3
01874,0
01878,2
01879,0
01880,3
01881,1
01882,1
01883,6
01885,6
01886,3
01887,2
01888,3
01891,1
01893,0
01894,2
01896,3
01897,4
01898,2
01899,3
01900,6
01901,2
01902,0
01904,1
01905,0
01906,1
01907,4
01908,4
01909,5
01911,3
01912,1
01913,0
01915,0
01916,0
01917,2
01919,2
01920,1
01924,4
01927,3
01928,1
01929,0
01931,0
01932,4
01933,2
01934,2
01936,4
01937,2
01939,1
01942,0
01943,0
01944,2
01945,4
01946,3
01947,0
01948,1
01949,3
01950,0
01951,1
01954,2
01956,6
01957,6
01959,3
01961,4
01963,1
01964,4
01965,1
01967,3
01968,0
01969,2
01970,1
01972,6
01974,1
01975,0
01978,3
01980,3
01982,3
01983,4
01984,0
01985,3
01986,5
01987,3
01988,0
01989,2
01990,4
01994,0
01996,0
01997,4
01999,2
02000,6
02002,3
02003,0
02004,2
02006,1
02007,2
02008,4
02009,3
02011,6
02013,1
02014,0
02015,2
02017,3
02018,6
02021,2
02023,3
02024,2
02025,0
02027,1
02029,1
02031,3
02033,3
02034,3
02036,2
02038,1
02039,1
02040,3
02042,2
02043,0
02044,1
02046,2
02048,2
02049,5
02051,6
02052,2
02053,0
02054,2
02055,3
02058,0
02060,0
02061,6
02062,0
02063,6
02064,1
02065,3
02066,0
02067,0
02068,1
02069,2
02071,0
02073,1
02074,3
02076,1
02079,3
02080,6
02084,0
02085,3
02086,0
02088,0
02092,6
02093,1
02094,2
02095,3
02096,2
02097,3
02098,2
02099,3
02100,0
02101,0
02102,1
02103,1
02105,2
02106,3
02107,0
02108,3
02110,3
02112,6
02113,3
02114,3
02115,2
02119,3
02120,2
02121,1
02123,4
02124,0
02127,3
02129,5
02131,1
02132,0
02133,3
02134,2
02135,4
02137,0
02139,2
02141,2
02144,0
02146,0
02147,3
02148,0
02149,2
02150,6
02151,5
02153,2
02154,0
02155,3
02156,0
02157,1
02159,0
02160,3
02161,2
02162,0
02163,0
02164,0
02165,4
02166,4
02168,0
02169,3
02170,2
02171,0
02172,2
02174,2
02176,2
02177,4
02178,1
02179,5
02181,3
02182,1
02185,2
02186,2
02187,5
02189,0
02190,4
02192,0
02193,0
02194,3
02196,2
02198,1
02199,1
02200,3
02202,3
02203,1
02204,1
02205,3
02206,4
02209,4
02210,6
02211,0
02212,1
02213,2
02214,1
02215,1
02216,0
02218,0
02219,3
02220,0
02221,6
02224,1
02225,6
02226,0
02228,3
02229,2
02230,4
02232,2
02233,6
02234,2
02235,0
02237,2
02238,2
02239,3
02240,0
02242,6
02243,1
02244,5
02245,0
02246,3
02247,0
02248,1
02251,0
02252,1
02254,4
02255,2
02256,0
02257,3
02258,4
02259,0
02261,2
02262,4
02264,0
02265,4
02267,6
02268,6
02269,3
02270,2
02271,3
02272,3
02274,2
02275,3
02277,0
02280,4
02281,5
02283,2
02284,1
02285,3
02286,2
02287,1
02288,6
02289,6
02292,3
02293,6
02295,2
02296,1
02298,0
02301,6
02303,3
02304,3
02305,1
02306,0
02307,4
02309,0
02310,3
02311,2
02312,2
02313,0
02318,2
02319,0
02320,2
02321,2
02323,1
02324,2
02325,0
02328,3
02329,1
02330,3
02332,6
02333,0
02334,6
02335,2
02339,0
02340,1
02341,1
02343,3
02344,1
02345,2
02347,3
02348,2
02350,3
02351,6
02353,6
02354,6
02355,2
02356,0
02359,0
02360,2
02362,2
02364,3
02365,2
02366,5
02367,2
02368,2
02370,2
02373,0
02374,2
02376,0
02378,2
02379,3
02381,0
02382,1
02383,6
02384,2
02386,0
02387,1
02388,3
02389,3
02393,2
02394,6
02395,3
02396,3
02397,4
02398,0
02399,3
02400,1
02401,4
02402,6
02403,0
02404,3
02406,6
02407,1
02408,0
02409,4
02410,1
02412,3
02413,0
02414,2
02415,2
02416,3
02417,0
02419,4
02422,2
02423,3
02426,0
02427,0
02428,3
02430,2
02432,0
02434,6
02435,2
02436,0
02437,4
02438,2
02439,4
02442,1
02443,1
02444,1
02445,6
02446,6
02447,0
02448,0
02449,3
02450,0
02451,4
02453,4
02454,3
02455,3
02456,6
02458,0
02459,2
02462,0
02465,3
02467,5
02468,4
02469,3
02470,2
02471,3
02472,2
02473,2
02474,0
02475,0
02476,4
02479,4
02481,5
02482,1
02483,3
02484,1
02487,2
02489,6
02490,3
02491,1
02492,2
02495,4
02496,6
02497,0
02498,2
02499,2
02500,6
02502,1
02503,0
02504,3
02505,1
02506,3
02509,5
02511,1
02512,4
02513,1
02514,2
02515,2
02516,0
02519,2
02520,0
02522,5
02523,0
02525,4
02526,1
02528,2
02529,0
02532,2
02534,2
02535,2
02536,5
02537,3
02539,2
02540,3
02543,4
02544,0
02545,2
02546,1
02547,2
02548,6
02550,1
02551,0
02552,0
02553,2
02554,3
02555,1
02557,1
02558,2
02559,2
02560,1
02561,4
02562,0
02563,3
02564,3
02565,0
02566,6
02567,0
02569,1
02570,3
02571,1
02572,2
02577,0
02578,6
02580,0
02581,5
02582,0
02583,2
02584,3
02588,6
02589,0
02590,1
02591,4
02592,1
02593,3
02595,5
02596,1
02597,4
02599,3
02600,2
02602,4
02603,0
02605,1
02606,0
02607,2
02608,0
02609,0
02610,3
02612,2
02614,2
02615,2
02616,3
02617,2
02618,1
02619,0
02620,3
02622,2
02623,0
02625,0
02626,2
02629,3
02630,6
02632,2
02633,4
02634,2
02635,1
02636,6
02637,1
02638,6
02639,0
02640,2
02641,1
02642,1
02645,0
02647,0
02649,2
02650,3
02651,1
02654,1
02655,2
02656,3
02657,0
02658,2
02659,4
02661,6
02662,4
02663,2
02664,1
02667,2
02669,2
02670,0
02671,2
02672,1
02673,1
02675,6
02676,3
02677,6
02678,3
02679,3
02680,4
02681,5
02683,1
02684,2
02686,1
02687,4
02688,0
02689,3
02690,0
02691,2
02693,0
02695,2
02696,2
02697,0
02699,1
02700,2
02701,1
02702,6
02705,1
02706,2
02707,2
02708,2
02709,0
02710,0
02711,2
02712,2
02714,2
02716,2
02717,0
02719,3
02722,0
02723,0
02724,6
02727,3
02728,0
02729,2
02730,2
02731,1
02732,1
02735,0
02736,0
02737,1
02738,3
02739,2
02745,3
02746,3
02749,2
02752,2
02754,0
02755,3
02756,0
02757,3
02758,3
02759,2
02761,0
02762,3
02765,3
02767,2
02768,2
02769,0
02771,6
02772,6
02774,2
02775,3
02776,1
02777,0
02778,2
02779,6
02780,2
02783,2
02784,4
02785,2
02786,0
02787,0
02790,0
02791,3
02792,0
02793,3
02796,3
02797,2
02798,2
02800,2
02802,3
02803,3
02805,1
02806,3
02807,0
02811,0
02812,2
02814,0
02815,3
02816,3
02817,0
02818,6
02819,2
02820,2
02821,4
02822,2
02824,2
02826,3
02827,2
02828,3
02829,3
02830,2
02831,3
02832,2
02834,2
02838,1
02839,2
02842,0
02843,3
02844,1
02845,0
02846,0
02849,3
02850,0
02852,4
02853,2
02854,5
02855,4
02856,0
02857,1
02859,2
02860,6
02862,2
02863,3
02865,0
02866,2
02868,1
02869,1
02870,1
02871,0
02872,0
02874,0
02875,0
02876,0
02877,2
02878,2
02879,0
02881,2
02882,1
02885,0
02886,2
02887,3
02889,3
02892,1
02893,1
02894,2
02895,6
02897,1
02898,1
02899,1
02900,6
02901,1
02903,1
02905,6
02906,3
02907,2
02908,2
02909,0
02910,3
02911,0
02912,2
02913,0
02914,2
02916,3
02917,1
02918,0
02919,4
02921,2
02922,1
02923,0
02925,6
02929,1
02930,2
02931,2
02932,2
02933,0
02935,3
02936,4
02937,2
02938,1
02939,3
02940,1
02942,3
02943,0
02945,2
02946,4
02950,6
02951,1
02952,1
02955,2
02956,0
02958,3
02959,0
02960,3
02961,2
02966,2
02967,0
02968,1
02970,2
02971,1
02972,2
02974,0
02975,3
02976,3
02977,4
02978,0
02979,1
02980,0
02981,3
02984,1
02985,2
02986,3
02987,1
02988,1
02989,3
02990,3
02991,0
02992,2
02994,1
02996,4
02998,1
03000,2
03001,3
03002,0
03003,4
03004,4
03006,3
03007,4
03008,3
03009,3
03011,2
03012,3
03015,1
03019,0
03020,0
03022,0
03024,2
03026,3
03028,0
03029,2
03030,5
03032,2
03033,1
03034,1
03035,3
03036,0
03038,4
03041,2
03042,0
03043,0
03045,4
03051,3
03052,1
03053,2
03054,2
03055,2
03056,2
03057,0
03059,2
03060,6
03061,4
03062,3
03063,0
03064,3
03065,2
03066,0
03067,0
03068,2
03069,1
03070,3
03072,4
03073,0
03075,2
03077,3
03078,2
03079,1
03080,3
03082,3
03083,2
03085,2
03087,1
03088,3
03090,0
03091,0
03092,2
03093,6
03096,6
03097,0
03098,2
03099,6
03101,2
03102,0
03103,1
03106,1
03107,2
03108,0
03110,2
03111,0
03113,0
03114,4
03115,0
03116,0
03117,1
03118,3
03119,2
03120,2
03122,2
03124,1
03127,3
03128,2
03129,0
03130,1
03131,0
03132,3
03134,0
03135,6
03136,1
03137,0
03138,3
03139,2
03140,2
03141,4
03143,2
03144,0
03145,3
03149,4
03151,2
03152,2
03154,2
03155,2
03157,0
03158,0
03159,1
03161,1
03162,2
03164,6
03165,2
03166,0
03167,2
03168,2
03170,1
03171,1
03172,0
03175,2
03177,2
03178,3
03180,2
03181,1
03183,0
03184,1
03185,0
03186,0
03187,3
03188,6
03189,1
03191,6
03192,6
03193,2
03194,3
03195,1
03196,1
03199,0
03200,0
03202,6
03204,3
03209,4
03212,0
03213,6
03214,1
03215,1
03216,2
03218,0
03219,0
03220,4
03223,0
03225,2
03228,1
03230,6
03232,0
03233,3
03234,3
03235,3
03238,3
03239,0
03240,2
03241,3
03242,2
03243,0
03244,2
03245,1
03246,0
03247,0
03248,0
03249,2
03250,3
03251,0
03252,0
03257,6
03258,0
03259,5
03262,0
03264,2
03265,2
03266,0
03267,3
03268,4
03269,0
03270,2
03271,0
03272,4
03273,1
03274,4
03275,1
03276,1
03278,4
03279,3
03281,0
03282,6
03283,4
03284,0
03285,5
03287,6
03289,1
03291,2
03292,3
03295,6
03297,5
03298,3
03299,1
03300,0
03301,1
03303,2
03304,0
03306,4
03307,2
03308,6
03310,0
03311,1
03312,0
03315,6
03316,0
03317,3
03318,1
03319,2
03320,1
03322,0
03324,2
03325,6
03327,2
03328,1
03330,0
03331,0
03332,0
03334,1
03338,3
03339,2
03340,4
03341,0
03342,2
03343,1
03344,3
03346,2
03347,3
03349,5
03351,6
03352,1
03353,6
03354,3
03357,1
03358,2
03359,1
03361,6
03363,4
03365,4
03366,1
03367,1
03368,4
03370,2
03371,1
03372,0
03373,1
03374,6
03375,6
03376,1
03377,6
03379,3
03381,5
03383,3
03384,1
03385,0
03386,1
03387,6
03388,6
03391,0
03392,3
03393,3
03394,1
03395,1
03396,0
03397,1
03398,0
03399,2
03400,2
03401,0
03403,1
03404,2
03405,1
03406,2
03410,6
03411,4
03414,2
03415,0
03419,3
03420,2
03421,2
03422,0
03423,3
03424,3
03425,6
03426,0
03428,0
03429,1
03430,2
03432,0
03433,2
03434,0
03438,1
03439,1
03441,1
03443,0
03444,1
03445,1
03446,2
03447,3
03448,0
03450,1
03452,3
03455,0
03460,2
03462,3
03465,3
03466,3
03467,3
03468,2
03469,6
03471,6
03472,1
03474,6
03476,2
03477,1
03478,3
03479,0
03481,1
03482,6
03483,0
03484,3
03485,0
03486,6
03487,0
03490,3
03493,4
03494,4
03496,2
03497,0
03498,0
03499,1
03501,1
03502,2
03504,0
03507,3
03509,2
03510,1
03511,0
03512,2
03514,1
03516,3
03517,0
03518,1
03519,4
03520,3
03522,2
03523,1
03524,4
03525,4
03526,2
03527,2
03528,3
03529,0
03530,0
03531,4
03533,4
03536,6
03537,1
03538,3
03539,0
03540,0
03541,1
03542,0
03543,0
03545,4
03546,3
03547,4
03548,1
03549,4
03550,3
03551,3
03552,3
03553,2
03555,2
03556,1
03557,6
03559,3
03560,3
03561,0
03563,0
03564,1
03565,4
03566,0
03567,0
03569,3
03570,2
03571,1
03572,1
03573,3
03575,4
03578,2
03579,4
03580,6
03581,3
03584,4
03586,2
03587,4
03588,0
03589,3
03590,2
03591,0
03592,2
03593,1
03594,2
03595,4
03597,0
03598,0
03602,3
03603,0
03604,6
03605,2
03606,3
03608,4
03609,0
03610,2
03612,4
03613,2
03614,0
03615,1
03616,1
03617,1
03618,2
03620,0
03622,0
03623,6
03625,6
03626,1
03628,1
03629,2
03632,0
03633,6
03635,1
03636,3
03637,2
03638,6
03639,0
03641,1
03642,3
03643,4
03644,2
03646,0
03648,2
03650,0
03652,3
03654,4
03655,1
03658,2
03659,3
03661,2
03663,6
03664,0
03665,1
03666,2
03667,3
03668,4
03669,1
03670,1
03671,6
03672,1
03673,2
03674,1
03675,6
03677,1
03678,0
03679,6
03683,1
03684,1
03685,6
03686,3
03689,4
03692,3
03693,1
03694,3
03696,6
03697,1
03699,1
03700,1
03701,4
03703,0
03704,2
03705,6
03706,1
03708,4
03710,2
03711,3
03712,2
03715,3
03717,0
03718,3
03719,3
03723,2
03727,0
03730,0
03731,2
03732,1
03733,0
03734,3
03735,0
03736,3
03737,1
03739,1
03740,2
03741,6
03742,2
03743,0
03745,3
03749,2
03750,6
03751,4
03753,1
03756,0
03758,3
03760,0
03761,0
03763,1
03764,3
03767,0
03768,2
03769,2
03771,4
03772,3
03773,1
03774,4
03775,3
03776,1
03777,3
03778,6
03779,6
03780,3
03781,2
03782,2
03784,1
03785,1
03786,1
03787,1
03788,1
03789,0
03793,3
03794,3
03797,6
03798,0
03799,6
03800,0
03801,2
03803,0
03804,1
03807,2
03808,4
03810,0
03811,2
03812,1
03814,4
03815,6
03816,3
03817,6
03818,1
03819,0
03820,0
03821,3
03822,3
03823,4
03824,3
03826,0
03828,1
03829,4
03830,2
03832,2
03833,6
03835,0
03836,3
03837,1
03840,0
03841,1
03842,3
03843,0
03845,0
03846,6
03848,0
03849,1
03850,4
03851,4
03852,4
03853,2
03854,1
03855,3
03856,4
03857,2
03858,0
03859,2
03860,3
03861,2
03862,2
03863,2
03864,2
03865,1
03867,0
03868,2
03869,2
03870,1
03872,2
03873,2
03876,3
03878,2
03880,2
03882,2
03883,5
03885,4
03888,2
03891,4
03893,2
03894,3
03895,4
03896,3
03897,0
03898,4
03900,2
03901,1
03902,1
03903,2
03904,0
03905,3
03906,3
03907,3
03909,2
03910,1
03911,1
03914,4
03915,4
03917,0
03919,2
03920,2
03922,0
03925,2
03926,3
03927,1
03928,3
03931,4
03932,0
03936,6
03939,4
03940,0
03941,2
03942,0
03943,3
03945,6
03946,4
03947,0
03949,3
03950,4
03951,2
03954,2
03955,0
03956,0
03960,1
03961,2
03963,4
03964,3
03966,3
03967,4
03968,1
03970,2
03971,6
03972,1
03973,2
03974,1
03976,2
03977,2
03979,6
03980,4
03981,0
03983,1
03984,6
03985,2
03987,1
03988,2
03989,0
03990,1
03991,1
03992,1
03993,0
03995,2
03996,0
03997,1
03998,2
03999,3
04000,2
04001,4
04002,6
04004,0
04007,1
04008,2
04009,0
04010,0
04011,2
04014,6
04016,2
04021,2
04022,0
04023,2
04024,3
04025,1
04026,0
04028,0
04029,2
04030,2
04031,4
04032,0
04033,1
04034,4
04037,2
04039,4
04040,1
04041,6
04043,3
04046,3
04047,1
04048,6
04049,3
04050,4
04052,1
04053,4
04055,2
04056,0
04057,3
04059,6
04060,2
04063,1
04064,0
04065,0
04067,1
04068,3
04069,1
04070,2
04071,2
04072,6
04074,3
04075,1
04077,2
04078,3
04079,2
04080,2
04082,6
04083,2
04084,0
04085,2
04088,1
04089,1
04090,1
04091,3
04097,0
04098,0
04099,4
04100,3
04102,0
04103,6
04104,6
04105,0
04106,0
04107,1
04108,0
04109,0
04110,3
04113,3
04114,3
04116,6
04119,1
04120,0
04121,6
04122,6
04124,2
04125,2
04126,2
04127,0
04129,3
04130,2
04131,3
04132,3
04134,2
04135,0
04137,2
04139,6
04140,1
04141,4
04144,0
04145,3
04147,0
04149,3
04150,6
04151,3
04153,0
04154,0
04155,0
04156,6
04157,6
04158,3
04159,3
04160,6
04161,2
04162,2
04163,1
04164,2
04165,1
04166,1
04168,0
04169,2
04171,2
04173,3
04174,1
04175,0
04176,1
04180,0
04182,1
04185,2
04189,0
04191,1
04192,6
04193,3
04194,6
04196,0
04198,6
04199,6
04202,6
04204,0
04205,6
04207,6
04208,1
04209,2
04211,6
04212,6
04216,1
04218,2
04219,2
04221,2
04223,2
04224,3
04232,4
04233,4
04234,1
04235,0
04237,0
04238,6
04239,2
04240,1
04241,3
04244,6
04245,1
04246,2
04247,4
04248,0
04249,4
04251,0
04253,0
04255,1
04257,3
04258,4
04259,0
04261,2
04263,3
04267,2
04268,1
04270,4
04274,1
04278,2
04279,2
04280,2
04282,1
04283,0
04285,4
04287,4
04289,3
04293,6
04294,0
04295,2
04297,2
04298,4
04299,3
04300,2
04301,2
04303,1
04305,3
04307,3
04308,4
04309,2
04310,0
04312,4
04314,0
04315,1
04316,2
04317,1
04318,0
04319,3
04320,3
04322,0
04325,0
04326,3
04328,0
04330,1
04331,1
04332,1
04334,0
04335,3
04336,1
04337,0
04338,1
04339,4
04340,0
04341,0
04342,4
04343,3
04344,2
04345,0
04348,2
04350,2
04352,0
04353,3
04356,3
04357,4
04358,2
04359,1
04360,1
04362,0
04364,4
04365,2
04367,3
04369,2
04370,4
04372,2
04376,4
04377,0
04378,0
04380,2
04381,0
04382,2
04384,3
04385,1
04387,0
04388,2
04389,2
04391,3
04392,6
04395,2
04398,3
04399,4
04400,1
04401,0
04402,3
04403,2
04404,3
04405,4
04406,1
04407,4
04408,3
04409,0
04410,1
04411,3
04412,2
04413,0
04414,0
04415,0
04417,4
04418,0
04420,2
04421,1
04423,3
04424,1
04425,3
04427,6
04429,3
04436,0
04437,1
04438,0
04439,0
04440,0
04447,3
04448,3
04449,3
04450,0
04451,4
04452,0
04453,3
04454,2
04455,1
04456,1
04457,6
04458,0
04459,1
04460,0
04461,3
04462,4
04464,2
04468,1
04469,0
04470,3
04471,1
04473,2
04474,1
04475,1
04476,3
04477,2
04478,0
04480,3
04481,6
04482,2
04483,0
04486,4
04487,3
04488,2
04491,3
04492,2
04493,0
04494,0
04495,2
04497,2
04498,2
04499,1
04500,2
04501,4
04502,6
04503,3
04504,1
04505,0
04507,3
04508,4
04510,0
04511,4
04512,3
04513,1
04516,1
04517,1
04518,1
04519,2
04521,4
04522,2
04524,4
04525,2
04526,4
04527,3
04528,6
04533,1
04535,4
04536,1
04537,2
04540,1
04541,0
04542,0
04543,0
04544,2
04546,3
04547,1
04548,1
04549,1
04550,1
04552,3
04554,3
04555,1
04556,2
04557,2
04558,3
04559,5
04560,3
04561,0
04562,2
04563,3
04564,2
04566,2
04567,0
04569,0
04570,2
04571,4
04572,4
04573,0
04574,0
04575,2
04576,6
04577,0
04578,2
04580,2
04581,0
04584,3
04585,3
04586,6
04587,3
04588,1
04589,2
04590,2
04592,4
04593,2
04595,3
04597,1
04598,2
04599,1
04600,2
04601,3
04602,2
04605,1
04606,3
04607,3
04610,3
04611,2
04612,0
04615,3
04616,1
04617,3
04618,3
04619,2
04620,2
04621,0
04623,0
04624,0
04625,2
04626,0
04627,4
04628,3
04629,0
04630,1
04632,0
04633,1
04634,1
04635,6
04636,4
04642,0
04644,1
04646,4
04647,3
04649,3
04650,6
04651,4
04652,0
04654,0
04656,2
04657,4
04658,2
04659,2
04660,1
04661,3
04662,4
04664,3
04665,0
04666,2
04667,3
04668,0
04669,3
04670,4
04671,4
04672,3
04673,0
04674,0
04678,2
04679,0
04680,1
04681,0
04684,0
04685,3
04686,3
04687,6
04688,0
04692,1
04693,6
04694,0
04695,2
04699,4
04701,1
04702,0
04704,0
04705,0
04706,2
04708,2
04709,4
04710,2
04713,0
04719,1
04720,0
04721,2
04722,3
04723,0
04724,2
04725,2
04727,3
04728,3
04729,0
04730,4
04732,2
04733,6
04734,1
04737,2
04738,1
04739,4
04743,0
04744,6
04745,2
04746,3
04748,6
04749,1
04750,2
04753,4
04754,3
04755,0
04756,0
04757,0
04759,3
04760,0
04761,0
04762,2
04763,2
04764,3
04768,1
04769,0
04771,1
04772,3
04773,2
04776,2
04777,1
04778,2
04779,4
04781,0
04784,0
04786,6
04787,2
04789,2
04790,0
04791,3
04792,0
04795,1
04796,2
04797,5
04798,0
04799,2
04800,3
04801,6
04802,0
04803,6
04804,2
04805,2
04806,4
04807,6
04808,1
04809,0
04810,6
04811,0
04812,1
04813,2
04815,3
04817,6
04818,1
04819,0
04822,1
04824,3
04825,6
04827,1
04829,4
04830,6
04832,2
04833,0
04835,3
04836,2
04837,1
04839,1
04841,1
04843,3
04844,3
04845,3
04846,1
04849,3
04850,0
04851,4
04853,3
04855,2
04858,0
04859,4
04860,2
04861,6
04863,0
04864,2
04866,3
04867,2
04868,4
04872,0
04873,0
04874,0
04875,0
04876,6
04877,2
04878,0
04879,6
04882,2
04883,3
04884,3
04885,2
04888,3
04889,0
04890,0
04891,2
04892,4
04893,3
04894,0
04896,3
04897,0
04898,2
04899,0
04900,1
04901,0
04903,2
04904,2
04905,1
04906,4
04909,2
04910,0
04912,4
04915,0
04916,2
04917,2
04918,4
04919,4
04920,1
04922,4
04923,0
04924,4
04925,2
04927,6
04928,4
04930,3
04931,3
04933,2
04934,0
04935,1
04936,0
04937,3
04938,2
04939,6
04940,4
04941,6
04942,2
04943,2
04944,6
04945,3
04947,0
04948,2
04949,1
04950,3
04951,4
04952,0
04953,4
04954,1
04956,0
04957,3
04958,4
04959,0
04960,3
04961,0
04962,2
04966,6
04967,1
04969,0
04971,5
04972,0
04974,3
04975,4
04978,2
04980,6
04981,5
04982,3
04983,2
04984,6
04985,0
04986,1
04989,3
04991,0
04992,6
04993,2
04995,3
04996,2
04997,2
04998,6
04999,1
05000,0
05001,4
05002,0
05006,2
05007,3
05008,3
05010,2
05013,1
05014,4
05016,0
05017,2
05022,2
05023,0
05024,6
05025,0
05028,0
05029,0
05033,6
05035,3
05036,0
05037,1
05038,4
05042,3
05044,3
05046,0
05047,2
05049,1
05050,3
05051,3
05054,0
05055,3
05057,4
05060,0
05061,0
05063,1
05064,3
05065,1
05066,1
05067,0
05068,4
05069,3
05070,0
05072,3
05073,1
05074,0
05077,4
05078,3
05079,2
05080,3
05082,1
05083,3
05084,6
05085,6
05087,2
05088,6
05089,4
05090,0
05091,1
05092,2
05094,3
05095,1
05096,1
05097,6
05098,0
05099,4
05101,2
05103,3
05104,3
05105,2
05107,2
05108,2
05109,4
05110,3
05111,0
05112,2
05113,4
05114,6
05115,3
05118,3
05120,3
05121,3
05122,3
05123,2
05125,6
05126,0
05128,1
05129,3
05130,1
05131,3
05132,0
05133,0
05134,4
05137,1
05139,0
05141,6
05142,1
05143,1
05144,0
05147,0
05148,6
05149,0
05150,4
05151,3
05152,4
05154,1
05155,3
05156,1
05157,0
05158,4
05161,1
05162,4
05164,2
05166,0
05168,0
05170,0
05171,3
05172,0
05173,2
05175,6
05176,6
05180,0
05181,2
05182,3
05183,3
05184,0
05185,1
05186,3
05187,6
05188,6
05189,3
05190,2
05191,4
05192,2
05193,1
05194,1
05196,0
05197,0
05199,4
05201,0
05202,2
05204,4
05206,0
05207,4
05209,6
05210,4
05211,4
05213,3
05214,0
05216,5
05217,3
05218,3
05219,2
05220,2
05221,1
05222,1
05223,3
05224,2
05226,2
05227,1
05228,0
05229,2
05230,1
05232,0
05233,1
05234,0
05235,4
05236,6
05237,1
05238,1
05239,5
05241,4
05242,2
05243,4
05244,4
05245,2
05246,3
05247,6
05248,3
05249,2
05250,6
05251,2
05253,3
05254,2
05255,1
05256,3
05259,4
05261,2
05263,6
05264,2
05265,6
05268,1
05270,4
05272,1
05273,2
05274,3
05275,4
05278,1
05279,1
05280,1
05281,2
05282,3
05283,1
05284,3
05285,0
05286,6
05288,4
05290,4
05291,2
05292,3
05294,1
05297,6
05299,3
05300,0
05301,1
05303,4
05304,6
05306,1
05307,0
05308,0
05310,3
05311,0
05312,4
05313,3
05315,2
05316,4
05318,4
05319,1
05320,0
05321,4
05322,6
05323,1
05324,3
05325,3
05326,5
05327,6
05328,1
05329,0
05331,1
05332,1
05334,2
05335,4
05336,3
05337,4
05339,2
05340,2
05341,6
05342,4
05344,0
05345,0
05346,2
05349,6
05350,1
05354,4
05355,6
05356,2
05357,0
05358,4
05360,3
05362,3
05363,3
05364,4
05366,2
05369,4
05370,1
05371,0
05372,1
05373,1
05374,2
05375,1
05376,1
05378,4
05379,2
05380,1
05381,2
05383,4
05385,1
05386,3
05389,2
05390,4
05392,3
05393,3
05395,3
05396,0
05400,1
05402,0
05403,3
05404,4
05405,0
05406,0
05407,0
05408,2
05411,3
05414,6
05416,0
05417,3
05418,1
05419,1
05421,0
05422,4
05423,0
05425,2
05426,4
05427,1
05428,3
05429,1
05430,3
05431,1
05432,2
05433,0
05434,0
05435,3
05436,2
05437,4
05438,4
05439,0
05440,0
05441,4
05442,3
05443,1
05444,3
05445,3
05448,4
05449,2
05450,0
05452,0
05453,2
05454,1
05455,0
05456,4
05457,2
05459,4
05460,0
05461,3
05462,3
05463,2
05464,6
05465,5
05466,0
05467,3
05468,1
05469,1
05471,2
05472,3
05473,2
05475,4
05477,0
05478,1
05480,2
05482,6
05486,2
05487,4
05488,0
05490,4
05491,0
05494,6
05495,2
05497,3
05499,2
05500,2
05501,1
05503,1
05505,2
05507,3
05508,4
05509,3
05510,3
05511,4
05513,2
05514,2
05516,0
05517,1
05518,2
05519,3
05520,0
05521,1
05522,0
05523,3
05526,3
05527,2
05529,3
05530,3
05531,6
05532,1
05533,2
05534,4
05535,2
05536,0
05537,4
05539,2
05540,2
05541,0
05542,3
05543,1
05544,4
05545,3
05546,2
05547,0
05548,3
05549,0
05550,4
05551,0
05552,5
05553,4
05554,0
05555,0
05556,5
05557,0
05559,4
05561,3
05563,0
05564,2
05565,3
05566,6
05567,1
05568,6
05571,2
05572,0
05574,0
05575,6
05576,3
05577,2
05578,3
05579,1
05581,0
05582,3
05583,4
05584,2
05585,3
05587,1
05588,2
05591,2
05592,3
05594,1
05595,1
05596,4
05598,3
05599,4
05600,2
05601,3
05602,0
05603,0
05605,0
05606,2
05608,3
05609,0
05610,1
05611,4
05612,2
05613,0
05614,0
05615,4
05616,0
05617,1
05619,2
05621,0
05622,0
05623,4
05624,3
05628,2
05631,0
05632,1
05636,1
05638,2
05639,0
05640,2
05641,0
05642,3
05643,4
05644,0
05645,3
05647,0
05648,3
05649,4
05650,4
05651,6
05653,2
05654,0
05656,6
05657,2
05660,6
05661,2
05662,2
05663,1
05664,1
05665,3
05667,3
05668,4
05669,6
05670,4
05671,0
05673,2
05674,3
05675,2
05676,2
05678,0
05680,4
05681,1
05682,0
05683,6
05685,6
05688,0
05689,4
05690,2
05691,2
05692,4
05693,4
05694,2
05695,3
05696,0
05697,1
05698,3
05699,3
05702,4
05704,2
05705,4
05706,3
05708,1
05709,2
05710,3
05711,1
05712,3
05713,6
05714,4
05715,4
05717,6
05718,4
05719,3
05721,3
05723,0
05724,2
05725,3
05726,1
05727,4
05728,3
05729,1
05730,2
05732,0
05733,1
05734,0
05735,1
05736,0
05737,4
05738,4
05739,2
05741,1
05742,6
05743,0
05746,2
05747,6
05748,0
05749,0
05753,6
05754,3
05755,2
05756,3
05757,0
05760,3
05761,0
05763,3
05764,4
05765,1
05766,3
05767,6
05769,2
05770,0
05772,2
05774,2
05775,0
05778,3
05779,3
05780,0
05781,1
05782,5
05785,3
05786,3
05788,0
05789,6
05790,5
05791,3
05792,0
05793,1
05795,2
05796,4
05797,0
05798,4
05799,1
05800,0
05801,2
05803,0
05804,6
05805,2
05806,1
05808,2
05810,6
05812,2
05813,3
05816,0
05817,0
05819,6
05820,6
05822,1
05823,3
05828,1
05829,4
05831,1
05832,2
05833,2
05834,2
05835,3
05836,2
05837,1
05838,0
05841,2
05843,2
05844,2
05845,6
05846,0
05847,1
05848,4
05850,0
05851,6
05853,0
05854,1
05855,0
05856,0
05858,1
05859,2
05861,5
05862,3
05863,2
05865,1
05867,2
05868,4
05869,0
05870,3
05871,1
05873,2
05874,1
05875,3
05877,3
05878,4
05879,6
05880,2
05881,4
05882,6
05885,2
05886,3
05887,4
05888,2
05889,5
05890,3
05891,0
05892,0
05893,0
05894,2
05896,1
05898,3
05899,2
05900,2
05901,2
05902,2
05903,0
05904,6
05905,1
05906,1
05907,0
05908,3
05909,0
05910,1
05912,2
05913,0
05914,2
05915,0
05916,0
05917,3
05919,6
05920,2
05921,3
05922,3
05923,3
05925,0
05927,3
05929,3
05930,0
05931,1
05932,0
05934,4
05935,2
05936,1
05937,2
05938,6
05940,3
05942,3
05944,6
05945,3
05946,1
05948,1
05952,3
05953,4
05954,4
05955,2
05958,3
05960,2
05961,0
05963,3
05964,6
05966,0
05967,4
05968,2
05969,2
05970,0
05972,2
05973,0
05974,0
05976,0
05977,3
05978,6
05980,1
05981,3
05984,0
05985,2
05986,3
05987,3
05988,6
05989,2
05991,6
05992,6
05994,2
05995,4
05997,0
05998,2
05999,0
06001,3
06002,1
06003,2
06004,2
06006,4
06008,3
06009,3
06011,6
06012,4
06013,3
06014,0
06015,2
06016,2
06017,0
06018,0
06019,3
06022,0
06023,3
06025,0
06026,0
06028,0
06029,3
06030,0
06031,2
06032,2
06033,0
06035,2
06036,3
06037,4
06039,2
06040,1
06041,3
06042,2
06043,1
06044,2
06045,0
06046,4
06048,2
06049,0
06051,2
06052,0
06053,6
06054,0
06055,1
06057,3
06058,3
06060,0
06062,3
06064,3
06065,2
06069,1
06071,0
06072,2
06074,3
06075,3
06076,4
06077,0
06078,3
06079,3
06081,6
06082,3
06083,1
06084,1
06085,3
06087,0
06088,1
06089,1
06090,1
06091,1
06094,0
06095,2
06096,3
06097,4
06098,2
06099,2
06100,2
06101,1
06102,3
06103,2
06104,0
06105,1
06106,3
06107,4
06108,4
06109,2
06110,3
06111,0
06113,3
06114,1
06115,3
06116,4
06117,4
06118,2
06119,3
06120,5
06121,6
06122,1
06123,6
06124,2
06125,0
06126,6
06127,6
06128,0
06130,6
06131,0
06132,0
06133,3
06134,2
06137,1
06139,0
06140,4
06142,0
06143,1
06144,4
06146,3
06147,2
06148,3
06149,2
06151,3
06152,3
06153,2
06155,0
06156,4
06157,6
06158,2
06159,0
06160,1
06161,2
06162,0
06163,1
06165,3
06166,4
06168,1
06169,1
06170,5
06171,0
06173,3
06174,4
06176,0
06177,3
06178,2
06180,6
06182,3
06183,1
06184,6
06185,1
06186,3
06187,6
06188,2
06189,1
06190,0
06191,0
06192,0
06193,5
06195,3
06196,1
06198,1
06200,5
06201,6
06202,3
06203,3
06204,6
06206,0
06207,3
06208,6
06209,1
06210,2
06211,0
06212,3
06213,1
06214,6
06215,3
06216,4
06217,0
06218,0
06220,0
06221,2
06222,1
06223,1
06224,1
06226,1
06227,0
06230,3
06231,3
06232,1
06233,3
06235,3
06236,6
06238,6
06239,1
06240,0
06241,2
06242,3
06243,1
06244,3
06246,0
06247,0
06248,6
06249,3
06250,2
06251,1
06252,1
06253,3
06254,4
06255,3
06256,2
06257,3
06258,3
06259,4
06260,1
06263,2
06264,5
06265,4
06267,0
06268,0
06269,1
06270,3
06271,4
06273,0
06274,0
06275,4
06276,0
06277,3
06278,1
06279,2
06280,2
06281,0
06282,1
06283,1
06284,3
06286,4
06287,3
06288,3
06289,6
06290,4
06291,3
06292,4
06293,2
06295,6
06296,2
06297,3
06298,0
06299,6
06300,4
06301,4
06302,2
06303,1
06305,1
06307,2
06308,4
06309,1
06310,2
06311,6
06313,1
06314,0
06315,3
06316,6
06317,3
06318,2
06319,1
06320,2
06321,1
06322,2
06323,2
06324,2
06325,1
06326,1
06328,4
06329,2
06331,2
06332,1
06335,4
06336,2
06337,0
06338,0
06340,3
06341,2
06343,0
06344,3
06345,2
06346,4
06347,6
06349,2
06351,4
06352,3
06353,6
06354,3
06355,2
06356,0
06357,4
06358,6
06359,1
06360,4
06361,2
06362,3
06363,0
06364,3
06365,0
06366,1
06367,3
06368,2
06370,3
06372,0
06373,3
06375,0
06377,6
06378,1
06380,0
06381,6
06382,4
06383,2
06385,1
06387,0
06389,4
06391,1
06392,4
06394,2
06396,2
06397,0
06399,6
06400,3
06402,2
06403,2
06404,2
06405,2
06406,0
06409,1
06410,3
06411,2
06412,2
06413,4
06414,1
06415,6
06416,2
06417,5
06418,1
06419,1
06420,6
06421,1
06423,4
06424,6
06425,2
06426,3
06427,3
06428,0
06429,2
06430,2
06433,0
06434,1
06435,1
06436,1
06441,0
06442,3
06443,0
06445,3
06446,6
06447,0
06448,3
06450,4
06451,3
06452,2
06454,2
06456,1
06457,3
06458,2
06459,1
06460,0
06462,2
06463,4
06464,2
06465,4
06467,3
06470,1
06471,4
06472,0
06474,3
06475,0
06476,5
06478,4
06479,3
06480,1
06481,0
06482,0
06483,2
06484,1
06486,2
06488,4
06489,5
06490,1
06491,6
06492,1
06493,1
06494,1
06496,2
06497,3
06498,2
06499,6
06500,1
06501,1
06502,4
06503,1
06504,2
06505,0
06506,2
06507,2
06508,3
06509,2
06510,3
06511,5
06512,3
06513,2
06514,0
06515,3
06516,0
06517,0
06518,3
06519,6
06520,2
06521,0
06522,2
06523,3
06524,1
06525,6
06526,6
06527,0
06528,3
06530,2
06531,0
06533,4
06535,3
06537,2
06538,3
06541,4
06542,3
06544,0
06545,3
06546,2
06548,1
06549,3
06550,0
06553,3
06554,0
06555,0
06556,2
06558,1
06559,5
06560,6
06561,4
06564,6
06565,0
06566,1
06567,4
06568,0
06569,1
06570,2
06571,2
06572,2
06573,6
06574,2
06577,0
06578,2
06580,3
06581,3
06582,0
06583,3
06585,2
06586,3
06587,0
06588,0
06589,3
06590,0
06591,4
06592,4
06593,0
06594,4
06595,6
06596,2
06597,6
06600,2
06603,0
06604,3
06605,3
06607,2
06608,4
06609,1
06610,0
06611,3
06612,0
06614,2
06615,2
06616,0
06617,2
06618,6
06619,3
06620,2
06621,3
06622,2
06624,4
06625,3
06626,1
06627,2
06628,0
06631,3
06632,3
06633,3
06634,1
06635,3
06636,2
06637,3
06638,1
06639,1
06640,0
06642,0
06643,5
06644,1
06645,0
06646,0
06648,2
06649,3
06650,3
06651,2
06652,2
06653,2
06654,3
06656,0
06658,2
06659,2
06660,0
06661,6
06662,2
06664,2
06667,3
06668,6
06669,0
06671,3
06672,2
06673,0
06674,1
06675,3
06677,1
06678,0
06680,1
06681,1
06682,1
06683,3
06684,3
06685,0
06687,4
06690,2
06692,0
06694,3
06695,6
06696,1
06697,3
06699,2
06700,2
06701,3
06706,0
06707,3
06708,2
06711,6
06712,2
06715,1
06716,2
06717,1
06718,0
06719,1
06721,4
06722,1
06723,2
06725,2
06728,4
06729,6
06730,2
06731,1
06733,4
06736,2
06737,2
06738,3
06741,1
06742,0
06743,3
06744,3
06746,2
06747,3
06749,3
06750,2
06751,0
06752,3
06754,2
06755,0
06756,2
06757,1
06758,0
06760,2
06761,0
06762,0
06763,6
06765,0
06766,6
06769,0
06770,3
06772,3
06773,0
06774,2
06775,4
06776,4
06777,1
06778,0
06779,4
06780,2
06781,2
06782,0
06783,2
06785,0
06786,1
06787,3
06788,0
06789,0
06790,2
06791,3
06792,4
06793,0
06797,2
06798,1
06799,2
06800,5
06801,2
06802,0
06803,0
06805,1
06806,3
06810,1
06811,2
06815,3
06817,1
06818,0
06820,3
06822,2
06824,1
06825,2
06827,2
06829,0
06831,3
06832,0
06833,2
06835,0
06836,3
06837,0
06838,1
06840,2
06843,3
06844,3
06846,3
06847,2
06848,0
06849,2
06850,4
06851,0
06853,0
06854,6
06855,3
06856,1
06857,3
06858,1
06859,6
06860,2
06861,3
06862,0
06863,3
06864,0
06865,0
06866,0
06868,4
06870,2
06873,0
06874,3
06875,0
06879,2
06880,1
06881,3
06882,4
06883,3
06884,1
06885,2
06886,1
06887,1
06888,2
06891,4
06892,2
06893,1
06894,6
06895,1
06897,3
06898,4
06899,3
06900,4
06902,2
06903,3
06904,1
06905,0
06906,1
06907,0
06910,4
06911,0
06912,1
06914,3
06916,2
06917,2
06918,2
06919,4
06921,0
06923,0
06924,2
06926,4
06927,0
06928,2
06930,4
06932,2
06933,1
06934,3
06935,1
06936,2
06937,3
06938,0
06940,0
06941,3
06943,2
06944,2
06945,0
06946,4
06947,1
06948,4
06949,2
06950,0
06951,2
06952,4
06953,0
06954,2
06955,1
06958,6
06960,2
06961,0
06963,0
06966,2
06969,0
06970,1
06971,3
06972,0
06975,2
06976,4
06977,3
06979,3
06980,0
06982,1
06984,1
06987,4
06989,2
06990,3
06991,1
06992,2
06994,3
06995,2
06996,0
06997,2
06998,3
06999,0
07000,4
07002,4
07004,3
07005,1
07006,2
07007,6
07009,0
07010,0
07011,4
07013,2
07014,6
07015,4
07016,3
07018,2
07019,2
07020,4
07021,3
07022,6
07023,1
07024,3
07025,0
07026,1
07027,5
07029,4
07031,2
07033,6
07034,2
07035,4
07036,3
07037,2
07039,2
07040,4
07041,0
07042,3
07045,2
07046,6
07048,1
07049,2
07050,2
07053,3
07055,0
07056,0
07057,1
07058,2
07059,3
07060,6
07061,3
07063,2
07064,2
07065,6
07067,2
07068,4
07069,2
07071,2
07073,4
07074,5
07075,3
07077,0
07079,0
07081,6
07085,4
07086,3
07087,3
07088,3
07089,3
07090,0
07091,1
07092,0
07093,2
07095,3
07097,2
07100,6
07102,4
07103,4
07104,5
07105,0
07106,4
07107,1
07108,1
07109,2
07111,0
07112,0
07113,4
07114,3
07115,0
07118,1
07120,1
07121,5
07122,3
07124,0
07125,4
07127,1
07128,3
07129,2
07130,3
07132,0
07133,4
07134,0
07136,1
07139,3
07140,3
07141,3
07142,3
07143,2
07144,0
07145,0
07147,2
07148,1
07150,2
07151,0
07152,2
07153,1
07154,2
07155,0
07156,0
07157,2
07159,3
07161,4
07163,1
07164,1
07166,4
07167,2
07169,3
07170,4
07171,2
07172,1
07173,0
07174,3
07175,4
07176,2
07177,1
07178,2
07179,4
07180,2
07181,3
07182,1
07183,3
07185,4
07186,2
07187,3
07188,2
07189,2
07190,3
07192,2
07193,3
07194,6
07195,4
07196,2
07197,3
07199,2
07200,1
07202,0
07203,1
07205,2
07206,6
07207,2
07208,2
07209,3
07210,6
07211,5
07213,0
07214,3
07216,6
07217,3
07219,0
07220,2
07222,6
07223,4
07224,2
07226,2
07227,2
07228,3
07230,3
07231,3
07232,2
07233,2
07236,3
07237,3
07239,2
07240,1
07241,4
07242,6
07243,3
07244,3
07245,2
07246,4
07247,3
07249,2
07250,2
07252,4
07254,2
07255,6
07256,0
07257,6
07259,4
07260,1
07261,0
07263,3
07264,2
07266,1
07267,6
07269,4
07270,3
07272,4
07273,2
07275,4
07276,1
07277,6
07280,6
07281,4
07282,0
07283,0
07284,2
07285,1
07286,2
07287,0
07288,0
07290,0
07293,2
07295,1
07298,0
07299,0
07300,2
07301,3
07302,2
07303,4
07305,3
07306,0
07309,2
07311,3
07312,1
07313,2
07315,3
07316,2
07317,2
07319,2
07320,0
07321,3
07322,0
07323,1
07324,0
07326,2
07327,3
07328,3
07329,6
07330,4
07331,2
07332,0
07333,2
07334,0
07335,3
07336,0
07337,4
07338,0
07339,3
07341,5
07342,4
07343,4
07344,3
07345,4
07348,2
07349,0
07350,3
07351,2
07352,2
07353,0
07354,1
07355,3
07356,1
07357,2
07358,4
07359,4
07361,3
07362,0
07364,0
07365,6
07366,3
07368,0
07369,4
07370,0
07374,2
07376,4
07377,4
07378,3
07379,2
07380,0
07383,0
07384,0
07385,3
07386,0
07387,1
07388,3
07390,2
07393,0
07394,3
07395,0
07396,4
07397,1
07399,6
07400,0
07401,0
07402,2
07404,0
07405,4
07407,6
07408,3
07409,1
07410,1
07411,2
07412,3
07413,3
07414,2
07415,2
07417,4
07418,1
07419,2
07420,1
07421,1
07423,2
07424,1
07425,3
07426,3
07427,4
07428,6
07429,3
07430,3
07431,2
07432,1
07433,3
07434,6
07436,2
07438,0
07439,2
07440,4
07442,4
07443,2
07447,0
07449,3
07450,0
07451,3
07452,4
07457,0
07458,2
07459,4
07460,1
07461,0
07462,2
07465,2
07466,2
07468,1
07469,6
07470,6
07472,4
07473,4
07475,1
07476,3
07477,2
07478,1
07480,2
07481,4
07482,1
07483,3
07484,6
07485,1
07486,1
07487,2
07488,2
07489,1
07492,2
07497,2
07498,3
07499,0
07500,2
07501,3
07502,6
07503,3
07504,0
07505,2
07506,2
07507,0
07508,3
07510,0
07511,3
07512,2
07514,0
07515,2
07517,3
07518,1
07520,1
07522,2
07526,2
07529,4
07530,0
07532,0
07533,3
07534,2
07535,1
07536,5
07539,1
07540,4
07541,4
07542,0
07543,0
07544,0
07547,1
07549,2
07550,5
07551,2
07552,0
07553,4
07554,4
07555,3
07557,3
07558,4
07559,2
07560,2
07561,0
07562,3
07563,3
07564,0
07566,4
07567,3
07568,2
07569,2
07572,2
07573,4
07574,2
07575,1
07576,1
07577,1
07578,0
07579,3
07581,0
07582,0
07583,6
07584,2
07586,4
07587,1
07590,4
07591,5
07593,0
07594,0
07595,0
07596,3
07597,3
07598,2
07599,0
07600,2
07601,0
07604,0
07605,2
07606,2
07608,1
07609,2
07610,6
07611,0
07612,3
07615,0
07616,2
07617,6
07619,2
07620,6
07621,4
07622,2
07623,1
07624,2
07625,6
07627,2
07628,2
07629,0
07630,1
07631,2
07632,0
07634,1
07636,0
07637,1
07640,2
07641,4
07643,2
07644,2
07645,0
07646,4
07647,6
07648,0
07650,2
07651,0
07652,3
07658,1
07662,4
07664,1
07665,0
07666,3
07667,0
07668,0
07669,6
07670,0
07671,1
07673,0
07674,1
07675,0
07677,4
07678,0
07679,0
07680,6
07681,0
07684,0
07685,3
07686,2
07687,0
07688,3
07690,0
07691,6
07692,2
07694,3
07696,3
07697,1
07698,1
07699,1
07700,0
07702,2
07705,2
07706,2
07708,4
07709,3
07710,2
07711,3
07712,2
07713,2
07716,0
07717,3
07719,4
07720,3
07721,0
07722,3
07725,3
07726,4
07727,0
07729,2
07730,3
07731,4
07735,3
07736,6
07737,0
07738,3
07743,3
07744,4
07745,0
07747,2
07749,3
07750,6
07751,4
07752,3
07753,6
07754,1
07755,1
07756,2
07758,1
07759,0
07761,2
07762,3
07763,4
07764,1
07765,4
07766,1
07767,3
07768,4
07769,2
07770,0
07771,6
07772,4
07774,1
07777,0
07778,2
07779,3
07780,0
07783,3
07787,4
07788,2
07789,0
07790,2
07791,3
07792,2
07793,4
07795,2
07796,0
07797,4
07798,4
07801,2
07802,1
07804,3
07805,3
07807,2
07808,6
07810,0
07811,0
07812,2
07814,0
07815,1
07816,1
07817,4
07818,5
07819,6
07821,3
07822,3
07823,4
07824,4
07825,6
07827,4
07830,2
07832,1
07834,0
07838,2
07839,4
07840,0
07841,0
07842,2
07843,3
07844,6
07845,6
07848,3
07849,2
07850,2
07851,6
07852,4
07853,5
07854,4
07855,3
07856,4
07857,4
07858,2
07859,1
07862,3
07864,0
07865,2
07866,0
07867,5
07868,2
07869,0
07870,6
07872,0
07873,2
07876,2
07877,3
07878,4
07879,0
07880,2
07882,4
07883,2
07884,2
07885,2
07887,0
07888,2
07890,0
07891,2
07892,1
07893,1
07894,3
07895,4
07896,2
07897,4
07898,1
07899,1
07900,4
07901,1
07905,0
07906,0
07907,2
07908,6
07909,0
07910,0
07911,3
07912,6
07913,0
07914,0
07917,4
07918,0
07920,2
07921,2
07923,1
07924,2
07926,3
07927,0
07928,6
07929,2
07930,1
07931,0
07932,3
07933,3
07934,2
07935,6
07936,1
07937,1
07938,1
07939,1
07940,2
07943,1
07944,3
07945,2
07946,1
07947,4
07948,2
07949,4
07950,6
07951,6
07952,2
07955,2
07956,2
07961,0
07963,0
07965,6
07966,1
07968,1
07969,3
07970,0
07972,2
07973,1
07974,4
07975,4
07976,2
07977,1
07978,4
07979,3
07980,3
07982,1
07983,1
07984,2
07985,1
07986,1
07987,3
07989,0
07991,0
07993,0
07996,1
07997,4
07998,0
08000,2
08002,0
08005,3
08007,6
08008,4
08010,2
08012,1
08015,0
08016,0
08017,4
08018,0
08019,1
08021,2
08022,0
08023,1
08024,3
08025,4
08026,0
08027,6
08028,2
08030,0
08031,3
08032,1
08033,6
08034,2
08035,3
08038,4
08040,0
08042,0
08043,4
08045,1
08047,3
08048,0
08049,4
08050,0
08051,0
08052,0
08053,4
08055,2
08056,3
08057,3
08059,0
08060,2
08061,2
08062,2
08064,1
08065,2
08066,3
08069,3
08071,3
08072,6
08074,2
08076,2
08077,3
08078,3
08079,3
08082,4
08084,4
08085,4
08086,6
08087,1
08088,0
08089,0
08090,0
08091,0
08092,3
08093,0
08094,0
08095,1
08096,1
08097,6
08098,4
08099,2
08100,0
08101,0
08104,3
08105,5
08106,3
08107,2
08108,6
08109,3
08113,3
08116,0
08117,0
08118,4
08120,3
08121,4
08122,4
08123,0
08125,2
08128,0
08129,1
08132,3
08133,0
08134,0
08135,0
08136,1
08137,1
08138,4
08139,3
08140,3
08141,4
08142,3
08144,6
08146,3
08147,0
08148,0
08151,3
08152,1
08155,2
08156,3
08157,1
08158,4
08160,2
08161,3
08162,3
08163,4
08166,4
08167,0
08168,2
08169,2
08170,0
08171,2
08174,1
08175,2
08176,3
08177,2
08178,1
08179,3
08180,0
08181,2
08185,2
08186,4
08187,2
08188,1
08190,3
08191,3
08192,4
08194,0
08195,2
08197,3
08199,6
08200,0
08203,1
08204,0
08205,4
08208,2
08209,2
08210,0
08213,1
08214,3
08215,2
08216,2
08217,1
08218,4
08219,4
08220,0
08221,1
08222,0
08223,0
08224,1
08225,2
08226,2
08228,4
08229,1
08231,0
08232,6
08233,2
08234,0
08235,4
08236,0
08238,4
08239,1
08240,4
08241,2
08242,3
08243,4
08245,1
08247,3
08250,0
08252,2
08253,0
08254,2
08255,1
08256,5
08258,3
08259,4
08260,1
08261,3
08263,0
08264,1
08265,2
08266,2
08269,3
08270,1
08272,2
08275,0
08276,1
08277,0
08278,0
08279,0
08282,4
08284,3
08285,6
08286,4
08289,6
08290,4
08291,2
08292,2
08293,4
08294,0
08297,1
08298,0
08299,1
08301,1
08303,0
08304,6
08305,2
08306,6
08307,3
08309,0
08310,0
08311,0
08312,3
08313,0
08316,2
08317,2
08319,3
08320,3
08321,1
08323,6
08325,3
08327,1
08328,3
08330,0
08331,1
08332,3
08334,2
08336,4
08337,4
08339,3
08340,1
08342,0
08343,2
08345,1
08346,1
08347,0
08348,0
08351,1
08352,3
08353,2
08355,0
08356,3
08357,2
08358,0
08359,2
08360,2
08361,3
08362,0
08363,6
08365,0
08367,2
08368,3
08371,2
08372,6
08373,3
08375,0
08376,6
08377,0
08378,0
08379,4
08381,2
08382,0
08383,3
08384,3
08386,3
08388,4
08389,1
08391,2
08392,0
08394,2
08395,1
08398,3
08399,1
08401,0
08403,2
08404,0
08406,6
08408,2
08409,2
08410,2
08412,3
08413,0
08414,1
08415,3
08416,2
08417,5
08418,2
08419,2
08420,6
08422,3
08423,3
08424,4
08425,2
08427,1
08428,4
08432,0
08434,6
08437,0
08438,1
08439,0
08442,0
08443,0
08444,4
08446,1
08447,4
08449,3
08452,2
08454,0
08455,2
08456,2
08459,1
08460,3
08461,6
08462,3
08463,1
08464,2
08465,6
08467,4
08468,4
08469,2
08470,1
08471,0
08473,3
08475,3
08476,2
08477,3
08478,1
08480,3
08481,1
08483,1
08484,2
08486,3
08487,2
08489,0
08491,2
08493,4
08494,1
08495,6
08496,2
08498,2
08499,3
08500,3
08501,0
08503,1
08505,3
08507,1
08508,1
08510,1
08512,6
08514,2
08515,3
08517,4
08518,0
08519,0
08521,0
08523,1
08524,2
08526,0
08531,0
08532,0
08533,2
08534,0
08537,1
08539,6
08540,1
08542,2
08543,4
08544,3
08545,6
08546,1
08547,1
08548,2
08549,1
08550,2
08551,2
08552,3
08553,2
08554,1
08558,0
08559,2
08560,4
08561,1
08563,4
08564,3
08565,2
08566,6
08567,6
08568,3
08569,4
08570,0
08574,1
08575,1
08576,4
08577,3
08578,4
08580,2
08581,2
08582,3
08583,3
08584,2
08585,2
08588,0
08589,4
08592,4
08593,0
08594,1
08596,3
08598,0
08600,4
08605,2
08606,1
08607,3
08608,1
08610,4
08611,3
08612,1
08613,3
08614,6
08618,4
08620,0
08621,0
08622,0
08623,1
08625,0
08626,4
08627,1
08628,6
08631,1
08632,2
08634,1
08635,0
08636,4
08637,4
08638,3
08639,0
08640,0
08641,0
08643,3
08644,2
08645,0
08647,2
08649,1
08650,0
08651,1
08652,3
08653,2
08654,0
08656,3
08657,2
08658,6
08660,1
08662,2
08663,4
08665,2
08669,4
08670,3
08671,1
08672,2
08673,6
08677,4
08678,6
08679,2
08680,4
08681,0
08682,4
08683,2
08684,5
08685,6
08686,5
08687,4
08688,3
08689,2
08690,4
08692,0
08697,0
08698,3
08699,2
08701,3
08702,2
08703,6
08704,2
08706,4
08707,4
08708,3
08709,0
08710,3
08711,3
08713,4
08714,2
08715,2
08717,1
08718,0
08719,4
08720,0
08721,3
08723,2
08724,3
08726,6
08727,4
08728,1
08729,3
08730,6
08731,2
08732,2
08733,2
08734,2
08735,1
08738,2
08739,2
08741,0
08742,4
08746,0
08747,2
08748,1
08749,3
08750,2
08752,2
08755,3
08758,1
08759,0
08760,1
08761,5
08762,0
08763,2
08765,0
08766,4
08767,1
08768,2
08769,1
08770,3
08773,0
08774,0
08779,0
08780,2
08782,1
08783,0
08784,1
08785,4
08786,3
08788,0
08789,1
08790,2
08791,0
08794,0
08795,6
08796,3
08797,1
08799,4
08800,2
08801,4
08802,1
08803,3
08804,4
08805,2
08806,4
08807,2
08809,6
08810,2
08812,2
08813,2
08814,6
08816,3
08817,0
08818,4
08819,6
08821,4
08822,3
08823,1
08824,0
08825,2
08826,2
08827,2
08828,1
08829,6
08830,4
08832,0
08833,3
08834,2
08835,4
08837,3
08838,1
08839,4
08840,0
08841,3
08842,1
08843,2
08844,2
08845,0
08846,0
08847,2
08848,3
08850,2
08851,0
08852,3
08853,2
08854,2
08856,3
08858,0
08860,2
08861,4
08862,2
08863,2
08866,1
08867,1
08868,4
08869,1
08870,2
08871,0
08872,2
08874,2
08875,6
08876,3
08877,2
08880,1
08881,0
08882,3
08883,2
08885,2
08886,2
08887,3
08888,2
08889,4
08891,3
08892,2
08894,1
08896,1
08897,6
08899,0
08901,1
08902,1
08904,1
08905,4
08906,6
08907,0
08908,0
08912,2
08916,2
08919,2
08920,2
08921,2
08922,2
08924,2
08925,0
08926,2
08929,1
08930,0
08931,0
08932,2
08933,2
08934,2
08937,2
08938,1
08940,2
08942,6
08944,1
08946,2
08947,1
08948,4
08949,3
08951,0
08952,4
08958,0
08959,1
08960,1
08961,1
08962,3
08964,0
08965,2
08967,4
08968,1
08969,4
08970,0
08971,1
08972,2
08974,6
08976,2
08982,3
08984,2
08985,4
08986,1
08987,3
08989,2
08990,4
08991,0
08992,2
08994,0
08996,2
08998,1
09000,1
09001,1
09003,4
09005,3
09006,0
09007,4
09008,0
09009,2
09010,6
09011,0
09012,0
09013,4
09015,1
09017,3
09020,3
09021,3
09023,0
09024,0
09025,1
09026,2
09028,3
09030,3
09033,2
09034,1
09037,3
09038,2
09039,3
09040,1
09041,3
09042,4
09043,2
09044,0
09045,2
09046,3
09047,2
09049,4
09050,1
09052,0
09053,3
09054,2
09055,3
09056,1
09057,3
09058,2
09059,2
09061,4
09062,0
09063,3
09065,3
09066,0
09068,2
09069,2
09070,2
09071,3
09072,3
09073,3
09074,3
09075,3
09076,3
09077,0
09079,0
09082,0
09084,0
09086,0
09087,6
09088,2
09089,0
09090,2
09091,2
09092,1
09095,3
09097,4
09098,1
09099,3
09100,0
09103,2
09104,5
09105,3
09106,3
09107,4
09110,1
09111,3
09112,4
09113,1
09115,2
09116,0
09117,0
09118,2
09119,4
09120,4
09121,0
09122,1
09123,3
09124,0
09125,2
09126,1
09127,0
09129,1
09130,3
09131,2
09133,3
09135,0
09136,6
09137,0
09138,1
09141,1
09142,3
09144,2
09145,1
09146,2
09153,3
09155,6
09156,0
09157,4
09158,0
09159,0
09162,1
09163,0
09164,4
09166,4
09167,4
09168,0
09169,0
09170,2
09173,2
09174,2
09175,2
09176,3
09179,0
09180,1
09182,2
09184,1
09185,0
09186,1
09187,0
09188,1
09189,2
09190,4
09192,4
09193,3
09194,1
09195,0
09196,0
09197,4
09199,4
09202,4
09203,0
09204,2
09205,2
09206,4
09207,3
09209,1
09210,0
09211,2
09212,1
09216,1
09217,0
09220,5
09221,1
09222,3
09223,6
09224,3
09225,4
09228,1
09229,0
09230,2
09231,4
09232,2
09233,0
09236,4
09237,1
09242,3
09244,1
09245,2
09247,1
09250,1
09251,4
09252,1
09255,3
09256,0
09258,0
09259,2
09260,0
09261,6
09262,4
09263,2
09265,6
09266,2
09268,4
09269,0
09271,1
09272,2
09274,4
09275,0
09277,0
09278,1
09280,2
09281,1
09283,2
09284,4
09285,3
09286,0
09287,4
09289,1
09291,3
09292,2
09293,0
09294,4
09295,1
09297,4
09298,3
09299,2
09300,1
09301,1
09302,6
09303,0
09304,2
09305,6
09306,1
09307,0
09308,2
09309,0
09310,3
09311,1
09312,1
09313,0
09314,3
09315,3
09318,1
09320,5
09321,3
09323,1
09324,4
09325,4
09326,3
09327,0
09329,1
09330,2
09331,1
09332,3
09333,1
09334,3
09340,6
09342,4
09343,0
09344,2
09345,2
09346,2
09347,1
09348,2
09349,2
09352,3
09353,1
09354,0
09355,4
09356,4
09357,4
09360,0
09362,2
09363,4
09364,2
09365,0
09366,0
09367,0
09368,3
09369,1
09370,1
09371,3
09372,2
09373,3
09374,2
09376,2
09377,2
09378,1
09379,1
09380,2
09381,4
09383,4
09384,3
09385,2
09386,0
09387,2
09388,0
09389,3
09390,2
09391,3
09392,6
09393,2
09394,2
09395,4
09396,0
09397,2
09399,0
09400,2
09401,3
09402,0
09403,2
09404,0
09405,2
09406,2
09407,3
09408,4
09409,0
09411,2
09413,1
09418,0
09419,2
09420,6
09422,0
09423,3
09424,3
09425,0
09426,2
09427,2
09430,2
09433,3
09434,2
09436,4
09438,3
09439,2
09440,6
09441,1
09443,2
09444,0
09446,0
09448,3
09450,1
09451,3
09454,2
09455,1
09456,1
09457,6
09458,1
09459,2
09462,0
09463,2
09465,2
09466,6
09467,1
09469,0
09470,0
09471,2
09472,0
09473,6
09474,2
09475,4
09476,4
09477,2
09478,0
09480,4
09482,2
09484,2
09485,4
09487,4
09488,3
09489,2
09490,2
09491,2
09492,3
09493,2
09494,6
09495,2
09496,4
09499,2
09501,1
09503,2
09504,0
09505,0
09506,4
09507,2
09508,3
09509,2
09510,3
09511,0
09512,4
09513,2
09516,4
09517,2
09518,0
09519,0
09520,1
09521,0
09522,6
09523,4
09524,1
09526,2
09531,2
09533,2
09534,3
09536,2
09539,4
09541,2
09542,0
09543,3
09544,4
09545,1
09546,2
09547,1
09548,0
09549,6
09550,2
09551,2
09552,2
09553,3
09554,0
09558,4
09559,2
09562,3
09563,0
09565,1
09567,0
09568,2
09569,0
09571,6
09572,4
09573,3
09574,1
09575,2
09576,3
09577,4
09578,2
09580,4
09583,1
09584,3
09585,2
09590,6
09591,5
09594,3
09595,0
09596,3
09597,6
09598,3
09599,4
09600,4
09601,0
09602,0
09603,3
09604,0
09605,4
09606,0
09608,2
09609,1
09610,1
09613,2
09614,2
09618,3
09619,0
09621,2
09622,0
09623,2
09624,0
09625,4
09626,1
09629,4
09630,3
09632,3
09633,2
09634,3
09636,0
09639,0
09640,0
09641,0
09642,2
09643,3
09644,6
09645,6
09646,2
09648,0
09649,0
09651,2
09652,1
09653,1
09654,3
09655,0
09656,6
09660,0
09661,2
09662,0
09664,0
09665,3
09667,4
09669,3
09670,2
09671,4
09672,2
09674,4
09676,4
09678,4
09681,1
09682,1
09683,1
09684,2
09685,2
09686,0
09687,4
09688,2
09689,2
09690,3
09691,2
09693,2
09696,2
09697,3
09699,0
09700,1
09701,2
09702,0
09703,3
09705,4
09706,3
09707,1
09708,6
09712,3
09713,2
09714,3
09715,2
09716,4
09717,6
09718,0
09719,1
09720,2
09721,3
09722,0
09725,3
09726,0
09727,0
09728,6
09729,3
09730,2
09733,2
09735,4
09736,3
09737,4
09739,0
09741,0
09742,1
09744,0
09745,3
09746,5
09747,0
09749,3
09750,2
09751,2
09752,0
09753,1
09754,0
09755,3
09756,4
09757,3
09759,1
09761,2
09762,2
09763,0
09765,0
09767,1
09768,3
09769,2
09770,4
09771,0
09776,0
09778,0
09779,3
09780,0
09781,2
09782,2
09783,0
09785,4
09786,2
09787,3
09788,3
09791,2
09794,2
09795,6
09796,2
09798,0
09799,6
09800,3
09801,3
09802,2
09803,2
09804,1
09807,4
09808,4
09809,2
09811,3
09812,4
09813,3
09814,2
09816,0
09817,3
09819,3
09820,1
09821,3
09822,0
09823,3
09826,0
09827,4
09828,0
09830,6
09831,0
09832,2
09833,2
09834,4
09835,6
09836,6
09838,3
09839,0
09841,0
09842,1
09843,1
09847,2
09848,3
09849,3
09850,0
09851,4
09854,2
09855,2
09857,3
09858,3
09859,2
09862,2
09863,3
09864,2
09866,0
09867,1
09868,3
09869,2
09870,3
09873,3
09877,2
09878,2
09880,2
09881,1
09882,2
09883,2
09884,0
09885,2
09888,0
09889,6
09890,2
09892,1
09893,1
09894,6
09896,2
09900,4
09902,4
09903,3
09904,3
09905,4
09906,1
09907,0
09908,0
09909,5
09910,2
09911,3
09912,0
09914,0
09915,0
09916,2
09917,0
09918,1
09920,0
09921,2
09922,2
09923,2
09924,0
09925,0
09926,6
09927,2
09929,2
09930,4
09932,3
09933,3
09934,4
09935,0
09936,2
09937,6
09938,3
09939,3
09940,2
09941,3
09942,0
09943,0
09945,4
09946,2
09947,0
09951,0
09952,2
09953,2
09954,2
09955,0
09957,4
09958,6
09959,3
09962,6
09964,2
09965,3
09967,3
09970,0
09971,0
09972,2
09973,1
09974,1
09975,0
09976,2
09977,1
09979,4
09982,2
09985,0
09987,1
09988,2
09990,3
09992,6
09993,1
09995,0
09996,6
09997,1
09998,1
09999,6
10001,2
10002,0
10003,2
10005,3
10006,2
10007,0
10008,3
10010,4
10011,1
10012,2
10014,3
10016,4
10017,2
10018,3
10020,4
10022,0
10024,2
10025,2
10026,0
10027,3
10028,2
10029,0
10030,2
10031,2
10032,3
10033,1
10034,3
10035,3
10036,3
10038,3
10039,2
10040,0
10041,0
10042,1
10043,4
10044,6
10045,4
10046,3
10047,2
10048,3
10049,0
10051,0
10054,6
10056,0
10057,3
10058,3
10060,1
10062,2
10063,3
10064,3
10065,3
10066,1
10068,0
10069,3
10071,1
10072,6
10073,3
10074,1
10075,0
10076,2
10078,1
10080,3
10081,3
10082,3
10083,2
10084,0
10085,2
10086,2
10087,0
10088,1
10089,1
10091,0
10092,3
10093,4
10095,0
10096,1
10098,0
10099,2
10100,2
10101,0
10102,2
10103,2
10105,0
10106,2
10107,0
10110,1
10111,3
10113,2
10114,2
10115,2
10116,4
10117,2
10119,2
10120,1
10122,3
10123,0
10125,1
10126,1
10127,0
10132,2
10135,0
10136,3
10140,0
10141,3
10142,1
10143,1
10144,0
10146,6
10148,4
10149,3
10150,2
10151,0
10152,2
10153,1
10155,1
10156,0
10157,4
10159,1
10160,3
10161,4
10162,2
10163,2
10164,6
10166,0
10167,3
10168,2
10169,0
10170,3
10171,0
10173,0
10174,3
10176,0
10177,2
10179,0
10180,3
10181,0
10182,3
10184,3
10185,6
10186,5
10187,2
10189,4
10190,4
10191,0
10192,2
10193,3
10194,2
10195,0
10196,2
10198,3
10199,4
10200,6
10201,4
10202,4
10203,3
10204,2
10205,0
10207,3
10209,5
10211,3
10212,2
10213,4
10215,2
10216,2
10217,2
10218,2
10220,1
10222,0
10223,2
10224,1
10225,3
10226,4
10228,6
10229,0
10230,2
10232,2
10233,2
10234,1
10235,3
10236,2
10237,2
10240,4
10241,2
10243,0
10244,0
10245,4
10247,3
10248,3
10249,2
10251,2
10252,6
10254,4
10255,3
10256,2
10257,3
10258,1
10262,2
10263,2
10264,2
10265,4
10267,2
10268,3
10273,3
10274,1
10276,4
10277,1
10279,4
10280,4
10282,0
10284,6
10285,2
10287,4
10288,4
10290,3
10292,3
10294,1
10296,2
10297,1
10298,2
10299,1
10300,3
10303,0
10304,0
10307,0
10308,0
10309,0
10310,3
10311,0
10312,6
10313,1
10314,0
10317,1
10318,2
10319,3
10320,1
10321,2
10324,0
10325,2
10327,1
10328,2
10330,2
10331,4
10332,3
10333,0
10334,4
10336,4
10337,3
10340,1
10341,1
10343,2
10344,4
10345,4
10346,0
10347,0
10349,3
10350,3
10351,4
10352,2
10353,4
10354,1
10355,0
10356,3
10357,3
10358,1
10359,2
10361,1
10362,0
10365,0
10366,4
10367,2
10368,3
10369,2
10372,1
10374,2
10378,3
10380,2
10381,0
10382,4
10383,0
10384,0
10387,3
10388,0
10389,4
10390,6
10391,0
10392,4
10393,2
10394,0
10395,1
10397,3
10398,4
10399,3
10401,0
10402,1
10403,4
10404,1
10405,1
10406,0
10407,3
10408,2
10409,0
10410,3
10411,2
10412,4
10414,2
10415,4
10416,2
10417,2
10418,0
10420,2
10421,1
10422,4
10424,0
10425,2
10426,0
10427,3
10428,3
10429,1
10431,2
10432,0
10434,2
10435,0
10437,2
10438,2
10440,3
10442,1
10444,3
10445,4
10446,3
10447,3
10449,2
10450,2
10451,2
10452,1
10453,2
10454,2
10456,4
10457,6
10458,2
10459,6
10461,6
10462,2
10463,2
10464,2
10465,2
10467,2
10468,0
10469,0
10471,0
10472,0
10474,6
10475,3
10476,5
10477,2
10479,3
10480,4
10482,4
10483,0
10484,1
10486,1
10487,2
10488,3
10489,0
10490,2
10491,0
10492,1
10494,3
10495,0
10496,2
10497,2
10499,3
10501,2
10502,1
10503,4
10504,1
10505,0
10506,3
10508,6
10509,4
10510,4
10511,1
10512,0
10513,0
10515,4
10516,0
10517,6
10518,0
10519,1
10520,1
10521,0
10522,1
10525,2
10526,1
10528,1
10530,1
10531,2
10532,4
10534,2
10535,2
10537,2
10538,3
10539,1
10540,3
10541,4
10542,2
10545,2
10546,3
10547,3
10548,2
10549,3
10550,6
10551,3
10552,0
10553,0
10554,0
10555,0
10556,4
10557,2
10558,2
10559,1
10561,4
10562,1
10564,0
10565,6
10566,3
10567,6
10569,0
10570,3
10572,2
10573,3
10574,0
10575,6
10576,6
10578,0
10579,4
10580,0
10581,3
10582,4
10583,1
10584,6
10585,2
10586,1
10587,0
10588,6
10589,0
10591,0
10592,2
10594,3
10595,6
10596,0
10597,3
10598,0
10599,6
10601,3
10602,2
10603,2
10604,4
10606,4
10607,2
10608,1
10613,3
10615,0
10616,2
10620,4
10621,2
10622,2
10623,3
10625,3
10626,6
10627,6
10628,1
10629,4
10632,4
10633,2
10634,2
10635,0
10636,3
10637,2
10638,0
10639,3
10640,0
10642,2
10643,4
10644,1
10645,1
10646,1
10647,2
10648,3
10650,1
10651,4
10652,0
10653,2
10654,1
10655,1
10658,2
10659,1
10661,0
10662,3
10664,3
10665,2
10666,2
10668,4
10669,4
10670,4
10671,2
10672,0
10673,5
10674,3
10677,0
10678,1
10680,3
10681,2
10683,2
10685,2
10686,6
10688,3
10693,4
10694,1
10696,0
10697,1
10698,3
10699,2
10700,3
10701,4
10704,4
10705,2
10707,1
10708,1
10709,4
10710,4
10712,0
10713,1
10715,3
10716,2
10717,3
10718,4
10719,2
10722,6
10723,2
10724,0
10726,2
10728,1
10729,4
10730,2
10732,2
10734,2
10736,4
10737,1
10739,1
10741,2
10742,1
10743,0
10745,3
10746,2
10747,0
10748,2
10749,3
10750,6
10751,2
10753,2
10755,2
10756,3
10757,3
10758,2
10759,3
10760,2
10762,2
10763,0
10764,3
10766,3
10767,1
10768,2
10769,2
10770,4
10771,3
10772,6
10773,1
10775,0
10778,3
10779,1
10780,1
10784,0
10785,1
10786,3
10787,3
10788,1
10789,1
10791,0
10793,1
10794,0
10795,1
10796,2
10797,3
10798,6
10799,0
10800,4
10802,2
10804,2
10805,3
10806,4
10808,6
10809,3
10810,4
10811,3
10813,0
10814,2
10815,6
10816,0
10817,2
10818,1
10820,1
10821,1
10825,2
10826,1
10828,1
10829,0
10831,3
10832,4
10833,4
10834,2
10835,2
10836,2
10837,1
10838,0
10839,0
10841,0
10842,6
10843,4
10844,3
10845,2
10847,0
10848,6
10849,2
10850,2
10852,0
10855,6
10856,4
10857,3
10858,1
10859,0
10860,6
10862,1
10863,1
10865,4
10866,3
10867,1
10869,0
10870,0
10871,3
10872,6
10873,2
10875,2
10876,2
10877,2
10880,2
10881,2
10882,3
10883,4
10884,0
10885,3
10888,1
10889,2
10890,4
10892,1
10893,2
10895,6
10896,2
10897,6
10898,4
10900,1
10901,1
10902,4
10905,3
10906,5
10907,2
10908,5
10909,0
10910,2
10911,0
10913,1
10915,3
10917,3
10918,0
10921,6
10922,2
10923,2
10924,3
10925,0
10927,2
10928,6
10929,4
10930,4
10931,4
10932,1
10933,1
10934,2
10936,2
10937,1
10938,3
10939,2
10940,0
10941,2
10942,0
10943,2
10946,4
10947,5
10949,0
10950,3
10951,2
10955,3
10956,2
10958,2
10959,2
10961,4
10962,1
10963,3
10964,6
10965,3
10968,3
10969,0
10970,0
10971,6
10973,0
10974,4
10976,2
10978,2
10980,2
10981,4
10983,2
10984,2
10985,0
10986,1
10987,0
10988,4
10989,3
10990,2
10991,0
10992,3
10994,0
10995,0
10997,0
10999,6
11000,3
11002,3
11003,4
11004,2
11005,4
11006,0
11007,0
11009,3
11010,2
11011,3
11012,3
11013,4
11014,0
11015,0
11016,4
11017,1
11020,2
11021,2
11022,0
11024,1
11025,3
11026,1
11027,4
11028,2
11030,4
11033,0
11034,0
11035,3
11037,1
11039,0
11040,2
11041,1
11043,2
11044,4
11045,6
11046,4
11047,3
11048,2
11049,4
11050,0
11051,6
11055,3
11058,1
11059,0
11060,2
11061,0
11062,2
11063,2
11064,0
11065,2
11068,2
11069,3
11072,4
11073,2
11075,6
11076,0
11077,1
11078,2
11079,3
11080,0
11081,2
11082,5
11084,2
11085,3
11086,0
11087,6
11089,3
11090,1
11094,1
11095,2
11096,2
11097,0
11099,4
11100,1
11102,0
11103,2
11104,1
11107,3
11108,1
11111,1
11113,0
11116,4
11117,4
11118,4
11119,2
11120,1
11121,2
11122,2
11123,2
11126,3
11127,1
11128,1
11129,4
11130,6
11131,3
11132,1
11134,0
11138,2
11139,0
11141,4
11142,2
11143,2
11145,0
11147,0
11148,1
11151,3
11152,0
11155,1
11156,2
11158,3
11159,0
11160,4
11161,2
11162,0
11164,1
11165,1
11166,2
11167,2
11169,1
11172,0
11173,0
11174,6
11175,4
11176,2
11177,0
11179,0
11180,0
11181,3
11185,4
11186,2
11187,0
11188,3
11191,3
11192,2
11193,3
11195,0
11197,4
11198,0
11199,2
11202,1
11203,4
11204,6
11206,0
11207,0
11208,2
11211,2
11212,0
11213,0
11214,2
11216,0
11217,2
11218,1
11220,3
11221,6
11223,1
11224,3
11225,0
11226,0
11229,1
11230,3
11231,0
11232,4
11233,1
11234,3
11236,4
11237,2
11238,1
11239,6
11241,3
11242,3
11243,6
11244,4
11246,2
11248,4
11250,2
11251,2
11252,4
11253,4
11254,2
11255,2
11256,4
11257,2
11258,0
11259,1
11260,1
11261,1
11262,1
11263,1
11264,3
11265,0
11266,2
11267,4
11268,0
11269,2
11270,1
11271,2
11272,0
11273,0
11274,0
11276,4
11277,2
11279,6
11280,2
11281,4
11282,3
11283,2
11285,0
11287,2
11288,2
11289,3
11290,2
11292,3
11293,2
11295,2
11296,0
11297,0
11299,1
11300,2
11301,1
11302,6
11303,6
11306,3
11307,1
11308,0
11309,4
11312,1
11315,2
11317,0
11318,3
11319,2
11321,3
11322,3
11324,2
11325,2
11326,2
11327,4
11331,1
11333,1
11336,6
11339,0
11340,3
11341,4
11342,2
11344,1
11345,1
11347,4
11348,1
11349,2
11350,4
11351,6
11353,4
11354,4
11356,0
11357,2
11358,0
11359,3
11363,0
11364,1
11365,4
11366,0
11367,4
11368,3
11369,2
11370,4
11371,3
11372,2
11373,4
11374,0
11376,2
11377,1
11378,1
11379,2
11383,0
11384,0
11385,6
11386,0
11387,4
11389,1
11390,2
11395,3
11396,2
11400,4
11401,4
11402,1
11404,4
11405,4
11406,2
11407,3
11408,4
11409,0
11410,0
11411,2
11412,0
11413,1
11414,2
11415,0
11418,2
11419,3
11421,2
11422,0
11423,2
11424,4
11425,2
11426,6
11428,1
11429,3
11430,1
11432,1
11434,0
11435,2
11436,2
11437,3
11438,0
11439,2
11441,0
11444,1
11445,3
11447,1
11450,1
11451,0
11452,2
11453,1
11454,2
11455,1
11456,0
11457,2
11458,3
11459,3
11460,1
11461,0
11464,0
11465,2
11466,1
11467,0
11468,1
11469,2
11472,1
11473,0
11474,2
11475,0
11476,4
11477,2
11478,3
11479,4
11481,2
11482,2
11483,3
11484,2
11485,1
11487,3
11489,3
11490,3
11491,2
11492,1
11494,0
11495,6
11496,4
11497,1
11499,1
11500,0
11501,1
11503,2
11504,2
11506,2
11507,0
11508,1
11509,0
11510,6
11512,6
11517,1
11520,3
11521,1
11522,4
11523,2
11525,1
11526,2
11528,1
11529,2
11530,3
11533,3
11535,3
11537,0
11538,0
11539,2
11540,2
11541,3
11543,4
11544,1
11545,4
11546,4
11547,0
11548,2
11549,1
11550,2
11551,0
11552,3
11553,6
11554,0
11555,1
11556,3
11557,3
11558,2
11559,6
11560,4
11563,6
11564,0
11565,3
11566,4
11567,2
11568,0
11569,0
11570,1
11571,0
11575,6
11576,2
11578,1
11579,4
11580,3
11581,2
11582,3
11583,0
11584,1
11585,4
11586,1
11588,1
11589,1
11590,3
11591,1
11592,4
11593,1
11594,3
11596,3
11599,6
11601,4
11604,0
11607,0
11608,3
11609,0
11610,3
11611,0
11613,1
11614,2
11615,0
11616,4
11617,2
11619,3
11620,4
11621,1
11622,3
11623,3
11626,4
11627,1
11629,2
11631,1
11632,4
11634,0
11636,1
11637,3
11638,1
11639,0
11640,0
11641,4
11642,3
11643,6
11645,0
11647,3
11648,2
11649,4
11650,3
11652,2
11654,3
11655,2
11656,4
11657,1
11658,0
11659,3
11660,0
11661,4
11663,1
11666,2
11667,0
11670,0
11671,2
11672,2
11673,6
11675,3
11676,1
11677,0
11678,3
11680,1
11682,2
11683,4
11684,0
11685,3
11686,0
11687,3
11689,0
11691,3
11692,3
11693,0
11694,2
11696,4
11697,3
11699,0
11701,3
11704,6
11705,1
11706,1
11707,3
11708,0
11710,4
11711,2
11712,1
11713,4
11714,3
11716,2
11718,1
11720,0
11721,6
11722,0
11724,2
11725,4
11727,3
11728,1
11729,2
11731,4
11733,2
11734,1
11735,1
11736,0
11738,3
11739,4
11740,4
11741,1
11742,0
11743,4
11745,3
11747,6
11748,2
11749,4
11751,3
11752,2
11753,4
11755,1
11756,0
11757,4
11758,2
11760,3
11761,3
11762,4
11765,4
11766,3
11767,2
11769,4
11770,1
11771,4
11772,6
11773,4
11774,3
11775,2
11776,3
11777,2
11779,0
11781,2
11782,0
11783,6
11784,3
11785,2
11786,1
11787,3
11789,1
11790,4
11791,4
11792,3
11796,2
11797,1
11798,0
11800,0
11801,2
11803,3
11804,2
11805,6
11806,4
11807,2
11808,1
11809,1
11810,1
11813,0
11814,0
11815,1
11816,3
11817,4
11818,3
11820,0
11821,3
11822,0
11823,1
11824,3
11825,3
11826,6
11827,3
11828,6
11830,2
11831,2
11832,0
11833,2
11834,1
11835,0
11838,0
11839,3
11840,2
11841,2
11842,2
11844,4
11845,0
11846,3
11848,2
11849,2
11853,0
11854,3
11855,1
11856,0
11857,1
11858,5
11859,2
11861,2
11862,1
11863,0
11865,4
11866,0
11867,2
11868,3
11869,3
11872,0
11873,3
11874,4
11875,3
11876,1
11877,1
11878,1
11879,0
11880,4
11882,1
11883,1
11888,0
11890,4
11891,0
11892,4
11893,0
11894,1
11895,4
11896,4
11897,2
11898,6
11900,2
11901,0
11902,0
11903,3
11905,6
11906,4
11908,3
11911,6
11912,4
11914,2
11916,4
11917,2
11918,3
11920,3
11921,4
11923,2
11924,1
11925,1
11929,0
11931,4
11932,4
11933,3
11934,1
11936,3
11940,1
11942,3
11945,0
11946,2
11947,2
11948,4
11950,0
11951,3
11954,2
11956,0
11957,4
11958,1
11959,2
11961,4
11962,1
11964,1
11966,2
11967,2
11968,4
11971,1
11973,3
11974,0
11975,0
11976,2
11977,1
11978,3
11980,2
11981,3
11982,6
11984,0
11985,0
11986,2
11988,0
11989,4
11991,4
11992,1
11993,3
11995,1
11997,6
11999,3
12001,2
12004,2
12005,3
12006,6
12007,3
12009,2
12012,4
12013,3
12014,4
12015,0
12017,2
12019,2
12020,4
12021,6
12022,2
12023,0
12025,4
12026,0
12028,0
12029,0
12032,4
12033,3
12034,1
12036,2
12038,0
12039,1
12040,4
12041,0
12042,6
12043,1
12044,0
12045,4
12047,1
12048,4
12049,2
12051,6
12053,2
12055,1
12057,0
12058,4
12059,6
12060,2
12062,2
12063,4
12066,1
12067,2
12068,0
12069,4
12071,1
12072,0
12074,1
12075,4
12077,6
12078,1
12079,3
12080,3
12081,3
12083,1
12084,3
12085,0
12086,1
12087,4
12088,0
12089,6
12090,2
12091,0
12092,4
12093,6
12094,0
12095,3
12096,3
12097,0
12098,2
12099,3
12101,0
12102,1
12103,1
12104,1
12105,0
12107,6
12108,1
12109,0
12111,0
12113,1
12114,0
12115,6
12117,4
12118,2
12119,1
12120,1
12121,1
12122,0
12125,6
12127,4
12129,6
12131,0
12132,3
12136,2
12138,2
12139,1
12141,6
12142,2
12143,0
12144,4
12145,4
12146,2
12147,3
12148,3
12149,4
12150,6
12151,1
12152,2
12153,0
12156,0
12157,2
12158,2
12159,4
12160,0
12161,0
12162,3
12166,4
12168,1
12169,1
12170,6
12173,0
12174,5
12175,3
12176,6
12177,0
12178,2
12179,2
12180,0
12182,0
12183,0
12185,1
12186,3
12187,1
12189,3
12191,3
12192,2
12193,6
12195,2
12196,3
12199,0
12200,2
12201,1
12203,4
12204,0
12205,2
12206,5
12207,1
12208,3
12209,2
12210,6
12212,4
12213,3
12214,1
12215,2
12217,0
12218,1
12220,2
12221,0
12222,3
12223,4
12224,0
12226,0
12228,2
12229,1
12230,3
12231,1
12232,1
12234,4
12236,0
12237,6
12239,1
12240,1
12241,0
12242,0
12243,3
12244,3
12245,0
12246,0
12247,4
12248,3
12249,5
12250,3
12251,0
12252,3
12253,2
12254,4
12255,2
12256,0
12258,2
12259,6
12260,2
12261,6
12262,0
12263,0
12264,0
12265,1
12266,2
12268,3
12271,2
12272,1
12273,0
12275,3
12276,1
12277,3
12279,1
12280,2
12281,6
12283,4
12285,0
12286,0
12288,1
12290,4
12291,3
12293,3
12294,2
12296,3
12297,0
12299,3
12300,0
12301,0
12302,0
12303,1
12305,0
12306,0
12307,2
12308,0
12310,3
12311,4
12312,1
12313,3
12314,2
12315,3
12316,4
12317,0
12318,6
12319,0
12320,6
12321,1
12322,1
12324,2
12325,0
12326,0
12327,1
12328,0
12329,1
12331,3
12333,4
12335,3
12337,2
12338,1
12339,0
12340,2
12341,1
12342,3
12343,4
12345,0
12346,1
12347,2
12348,1
12349,4
12350,2
12352,3
12353,6
12354,2
12355,2
12356,1
12359,1
12360,3
12363,1
12364,1
12365,1
12366,0
12368,6
12369,1
12371,3
12373,4
12375,0
12376,3
12378,1
12379,2
12381,0
12382,4
12383,0
12384,4
12385,3
12387,4
12388,0
12389,3
12390,1
12391,2
12392,4
12393,1
12394,5
12395,4
12396,2
12397,1
12398,4
12399,2
12401,1
12402,0
12403,1
12404,4
12406,0
12408,3
12409,0
12410,4
12413,1
12414,0
12415,3
12416,2
12417,1
12418,3
12419,1
12420,4
12422,1
12423,0
12424,2
12425,0
12426,0
12427,6
12428,4
12429,2
12430,2
12431,0
12432,3
12434,4
12435,0
12436,3
12437,2
12438,2
12439,0
12442,3
12443,2
12445,0
12446,0
12447,3
12448,2
12450,0
12451,1
12453,6
12454,1
12455,1
12456,1
12457,3
12459,3
12460,1
12461,4
12463,2
12464,3
12467,1
12468,4
12469,1
12470,0
12471,3
12472,3
12473,2
12474,1
12475,6
12476,0
12477,2
12478,1
12479,0
12480,2
12481,3
12482,1
12484,3
12485,3
12487,6
12488,5
12489,4
12490,2
12491,2
12492,0
12494,1
12495,2
12496,0
12498,0
12499,1
12501,2
12502,4
12503,0
12505,1
12506,4
12507,1
12508,3
12510,0
12511,2
12513,6
12516,0
12517,1
12518,3
12519,4
12520,0
12521,4
12522,0
12523,4
12525,6
12526,1
12527,2
12529,2
12530,6
12531,0
12532,4
12533,3
12535,2
12536,0
12537,2
12538,2
12539,1
12540,3
12541,1
12543,3
12547,6
12549,0
12550,6
12551,2
12553,0
12554,2
12555,0
12557,1
12558,4
12559,2
12562,3
12564,1
12565,0
12567,6
12570,4
12571,4
12573,2
12574,1
12575,1
12576,2
12577,0
12579,3
12581,0
12582,0
12586,4
12588,1
12590,4
12591,5
12593,3
12594,1
12597,2
12598,2
12600,4
12601,2
12602,4
12603,2
12604,3
12605,3
12608,2
12609,1
12610,1
12612,3
12613,3
12614,0
12617,1
12618,0
12619,1
12621,4
12623,1
12625,2
12626,3
12627,2
12628,0
12629,3
12631,3
12632,4
12635,4
12636,4
12638,4
12639,1
12642,0
12643,0
12646,1
12647,2
12649,1
12650,3
12651,3
12655,4
12659,3
12662,3
12664,0
12665,3
12667,4
12671,1
12672,2
12673,0
12675,4
12676,3
12678,3
12679,3
12681,1
12682,2
12683,3
12684,0
12685,2
12687,0
12688,0
12691,1
12693,1
12696,2
12698,3
12699,2
12701,4
12703,0
12704,1
12705,0
12706,3
12708,1
12709,4
12710,0
12713,0
12714,2
12715,3
12717,4
12719,4
12721,2
12722,3
12723,0
12725,3
12726,4
12727,0
12729,0
12730,0
12731,0
12732,0
12733,0
12734,2
12736,4
12738,3
12740,3
12741,2
12742,3
12744,0
12745,1
12746,4
12747,3
12748,1
12751,1
12752,1
12753,2
12754,1
12755,2
12756,2
12757,0
12758,4
12760,1
12761,3
12762,4
12765,2
12766,2
12767,2
12768,2
12769,2
12771,1
12772,0
12774,0
12775,4
12776,2
12777,4
12778,1
12779,4
12780,0
12781,1
12783,4
12784,0
12786,4
12787,1
12788,1
12790,3
12792,2
12793,0
12794,1
12795,4
12796,4
12797,4
12798,1
12799,3
12800,3
12801,0
12803,1
12804,1
12805,1
12806,4
12807,2
12808,1
12809,4
12810,5
12812,0
12813,1
12814,4
12815,1
12816,1
12817,0
12821,2
12822,4
12823,2
12824,2
12825,3
12826,0
12827,2
12828,3
12829,5
12830,2
12831,1
12832,1
12834,4
12835,2
12836,2
12837,4
12838,2
12841,1
12842,4
12843,3
12846,4
12848,0
12849,2
12851,2
12853,2
12854,3
12855,2
12856,0
12859,5
12860,4
12862,0
12863,4
12864,3
12865,2
12866,0
12867,0
12870,0
12873,2
12875,4
12877,2
12879,2
12882,2
12886,3
12887,4
12889,3
12890,5
12891,0
12893,3
12898,2
12899,0
12900,4
12904,0
12908,3
12910,2
12911,2
12913,0
12915,4
12916,4
12917,2
12918,4
12919,3
12922,4
12924,3
12925,2
12926,4
12931,0
12932,0
12933,0
12934,0
12936,2
12937,0
12939,2
12940,0
12942,3
12944,4
12947,4
12957,2
12961,4
12964,2
12965,3
12967,4
12968,4
12970,4
12971,4
12974,3
12977,3
12978,2
12980,4
12984,2
12988,4
13003,4
13005,2
13006,5
13008,4
13009,2
13011,4
13013,4
13015,3
13016,4
13019,2
13025,4
13026,4
13030,3
13031,3
13033,2
13034,2
13039,4
13042,2
13044,4
13045,2
13047,4
13055,2
13058,2
13061,2
13063,3
13066,2
13069,4
13070,2
13072,2
13073,2
13074,2
13077,4
13078,2
13081,2
13083,4
13085,4
13093,2
13095,2
13096,4
13101,4
13104,5
13107,2
13109,2
13110,4
13115,2
13116,4
13118,2
13121,4
13125,2
13128,4
13134,4
13135,4
13139,2
13140,2
13143,2
13148,2
13155,5
13158,4
13163,2
13165,2
13171,2
13172,2
13176,2
13178,4
13183,4
13190,2
13191,2
13192,2
13195,4
13196,2
13197,4
13199,4
13201,2
13205,2
13212,2
13213,4
13215,2
13220,4
13221,4
13222,4
13230,2
13235,4
13243,2
13249,4
13286,4
13291,4
13351,4
13358,4
13359,4
13368,5
13528,5
