video_name,labels
00025,0
00028,0
00108,0
00123,0
00137,0
00152,0
00153,0
00210,0
00244,0
00262,0
00264,0
00275,0
00340,0
00344,0
00363,0
00377,0
00397,0
00406,0
00407,0
00410,0
00411,0
00447,0
00453,0
00469,0
00470,0
00498,0
00516,0
00519,0
00556,0
00570,0
00571,0
00573,0
00575,0
00584,0
00585,0
00602,0
00603,0
00604,0
00624,0
00629,0
00630,0
00670,0
00676,0
00685,0
00686,0
00687,0
00738,0
00771,0
00772,0
00786,0
00812,0
00837,0
00850,0
00858,0
00887,0
00902,0
00903,0
00912,0
00916,0
00955,0
00981,0
00989,0
01001,0
01019,0
01041,0
01043,0
01059,0
01070,0
01071,0
01089,0
01101,0
01118,0
01130,0
01136,0
01139,0
01146,0
01158,0
01162,0
01166,0
01175,0
01190,0
01192,0
01203,0
01207,0
01209,0
01213,0
01214,0
01218,0
01260,0
01281,0
01294,0
01297,0
01302,0
01303,0
01335,0
01336,0
01347,0
01359,0
01369,0
01390,0
01391,0
01398,0
01399,0
01403,0
01409,0
01454,0
01455,0
01456,0
01457,0
01460,0
01479,0
01495,0
01497,0
01611,0
01613,0
01667,0
01694,0
01695,0
01729,0
01736,0
01742,0
01765,0
01768,0
01775,0
01785,0
01786,0
01790,0
01791,0
01792,0
01827,0
01828,0
01837,0
01868,0
01884,0
01890,0
01934,0
01959,0
01970,0
01988,0
01990,0
01997,0
02031,0
02044,0
02060,0
02085,0
02092,0
02101,0
02115,0
02125,0
02222,0
02223,0
02229,0
02232,0
02236,0
02253,0
02254,0
02269,0
02278,0
02310,0
02327,0
02358,0
02383,0
02403,0
02410,0
02451,0
02475,0
02492,0
02504,0
02508,0
02517,0
02529,0
02535,0
02558,0
02563,0
02564,0
02572,0
02574,0
02575,0
02579,0
02581,0
02591,0
02596,0
02616,0
02633,0
02634,0
02645,0
02661,0
02662,0
02672,0
02684,0
02698,0
02701,0
02704,0
02715,0
02722,0
02728,0
02738,0
02749,0
02756,0
02757,0
02771,0
02779,0
02786,0
02798,0
02820,0
02850,0
02853,0
02854,0
02861,0
02895,0
02898,0
02909,0
02920,0
02929,0
02939,0
02942,0
02944,0
02988,0
02998,0
03008,0
03013,0
03061,0
03081,0
03103,0
03177,0
03178,0
03185,0
03189,0
03191,0
03192,0
03195,0
03205,0
03208,0
03220,0
03221,0
03222,0
03252,0
03282,0
03309,0
03316,0
03320,0
03340,0
03346,0
03348,0
03358,0
03366,0
03374,0
03376,0
03380,0
03385,0
03386,0
03388,0
03402,0
03416,0
03418,0
03419,0
03422,0
03444,0
03473,0
03474,0
03477,0
03480,0
03483,0
03485,0
03489,0
03503,0
03520,0
03543,0
03571,0
03622,0
03623,0
03636,0
03650,0
03659,0
03662,0
03725,0
03737,0
03742,0
00055,4
00059,4
00064,4
00099,4
00180,4
00235,4
00297,4
00339,4
00408,4
00456,4
00468,4
00489,4
00543,4
00580,4
00583,4
00596,4
00601,4
00647,4
00658,4
00662,4
00675,4
00710,4
00744,4
00925,4
00968,4
01029,4
01111,4
01129,4
01137,4
01232,4
01282,4
01283,4
01291,4
01350,4
01361,4
01362,4
01364,4
01370,4
01389,4
01401,4
01404,4
01462,4
01463,4
01473,4
01475,4
01487,4
01549,4
01551,4
01657,4
01677,4
01696,4
01773,4
01795,4
01849,4
01858,4
01893,4
01964,4
02012,4
02015,4
02016,4
02021,4
02075,4
02079,4
02099,4
02136,4
02137,4
02202,4
02248,4
02326,4
02393,4
02394,4
02408,4
02417,4
02435,4
02525,4
02652,4
02669,4
02679,4
02686,4
02826,4
02871,4
02882,4
02899,4
03022,4
03052,4
03079,4
03116,4
03186,4
03482,4
03587,4
03591,4
03709,4
03714,4
03779,4
03842,4
03924,4
03990,4
04305,4
04322,4
04330,4
04344,4
04349,4
04350,4
04386,4
04427,4
04434,4
04481,4
04484,4
04489,4
04528,4
04564,4
04587,4
04604,4
04626,4
04629,4
04639,4
04640,4
04687,4
04689,4
04778,4
04779,4
04780,4
04806,4
04812,4
04842,4
04847,4
04947,4
04974,4
00031,5
00070,5
00095,5
00138,5
00205,5
00213,5
00230,5
00231,5
00240,5
00254,5
00260,5
00276,5
00290,5
00303,5
00308,5
00311,5
00319,5
00368,5
00415,5
00420,5
00511,5
00512,5
00537,5
00546,5
00576,5
00617,5
00628,5
00633,5
00634,5
00639,5
00671,5
00695,5
00709,5
00711,5
00736,5
00759,5
00833,5
00840,5
00855,5
00905,5
00928,5
00979,5
01038,5
01045,5
01050,5
01077,5
01080,5
01093,5
01098,5
01188,5
01195,5
01238,5
01295,5
01326,5
01330,5
01471,5
01853,5
01889,5
01943,5
02058,5
02063,5
02086,5
02093,5
02130,5
02131,5
02182,5
02411,5
02468,5
02615,5
02629,5
02654,5
02743,5
02750,5
02761,5
02923,5
02930,5
02983,5
03056,5
03069,5
03175,5
03194,5
03227,5
03313,5
03410,5
03458,5
03475,5
03484,5
03521,5
03524,5
03603,5
03755,5
03756,5
03799,5
03912,5
03921,5
03986,5
03987,5
03988,5
04008,5
04074,5
04102,5
04104,5
04105,5
04109,5
04111,5
04165,5
04244,5
04277,5
04280,5
04289,5
04314,5
04336,5
04817,5
05880,5
05903,5
05914,5
05938,5
06833,5
06851,5
06941,5
06961,5
06980,5
06987,5
07010,5
07032,5
00024,6
00035,6
00040,6
00050,6
00056,6
00077,6
00081,6
00102,6
00121,6
00145,6
00163,6
00170,6
00192,6
00197,6
00206,6
00212,6
00219,6
00228,6
00229,6
00238,6
00247,6
00261,6
00284,6
00286,6
00291,6
00296,6
00313,6
00314,6
00315,6
00317,6
00318,6
00324,6
00328,6
00329,6
00330,6
00332,6
00335,6
00336,6
00337,6
00354,6
00355,6
00357,6
00358,6
00370,6
00372,6
00375,6
00380,6
00390,6
00393,6
00395,6
00396,6
00404,6
00428,6
00432,6
00434,6
00441,6
00452,6
00454,6
00455,6
00457,6
00465,6
00471,6
00477,6
00486,6
00497,6
00500,6
00502,6
00503,6
00505,6
00521,6
00525,6
00538,6
00541,6
00548,6
00550,6
00552,6
00560,6
00561,6
00562,6
00563,6
00588,6
00595,6
00599,6
00606,6
00619,6
00623,6
00631,6
00637,6
00660,6
00665,6
00673,6
00679,6
00680,6
00684,6
00689,6
00692,6
00724,6
00725,6
00726,6
00750,6
00774,6
00775,6
00778,6
00780,6
00781,6
00782,6
00790,6
00795,6
00796,6
00797,6
00798,6
00800,6
00802,6
00804,6
00805,6
00806,6
00813,6
00815,6
00821,6
00830,6
00831,6
00832,6
00845,6
00846,6
00847,6
00861,6
00863,6
00876,6
00913,6
00915,6
00929,6
00936,6
00953,6
00954,6
00961,6
01018,6
01021,6
01027,6
01035,6
01037,6
01058,6
01072,6
01074,6
01075,6
01081,6
01096,6
01099,6
01103,6
01115,6
01120,6
01122,6
01124,6
01125,6
01135,6
01140,6
01156,6
01159,6
01163,6
01171,6
01186,6
01191,6
01198,6
01201,6
01202,6
01205,6
01211,6
01220,6
01221,6
01229,6
01236,6
01241,6
01242,6
01245,6
01262,6
01266,6
01271,6
01274,6
01276,6
01277,6
01280,6
01286,6
01287,6
01289,6
01304,6
01309,6
01312,6
01322,6
01329,6
01332,6
01333,6
01338,6
01340,6
01341,6
01342,6
01345,6
01360,6
01375,6
01377,6
01378,6
01392,6
01394,6
01402,6
01419,6
01425,6
01426,6
01429,6
01434,6
01435,6
01440,6
01441,6
01445,6
01450,6
01451,6
01478,6
01484,6
01485,6
01486,6
01498,6
01511,6
01528,6
01534,6
01535,6
01556,6
01566,6
01570,6
01574,6
01584,6
01614,6
01618,6
01619,6
01620,6
01621,6
01624,6
01629,6
01633,6
01637,6
01641,6
01642,6
01653,6
01671,6
01680,6
01683,6
01710,6
01713,6
01717,6
01728,6
01731,6
01743,6
01744,6
00019,8
00020,8
00029,8
00034,8
00036,8
00037,8
00039,8
00068,8
00069,8
00073,8
00093,8
00094,8
00096,8
00098,8
00109,8
00117,8
00120,8
00122,8
00129,8
00130,8
00131,8
00136,8
00143,8
00144,8
00169,8
00179,8
00198,8
00209,8
00221,8
00227,8
00236,8
00237,8
00241,8
00248,8
00250,8
00251,8
00255,8
00257,8
00258,8
00259,8
00269,8
00279,8
00280,8
00289,8
00298,8
00304,8
00310,8
00320,8
00356,8
00373,8
00378,8
00379,8
00383,8
00403,8
00416,8
00421,8
00426,8
00429,8
00442,8
00450,8
00487,8
00514,8
00515,8
00524,8
00527,8
00528,8
00529,8
00534,8
00549,8
00555,8
00559,8
00569,8
00574,8
00579,8
00581,8
00586,8
00589,8
00593,8
00594,8
00613,8
00614,8
00615,8
00626,8
00638,8
00640,8
00641,8
00642,8
00644,8
00651,8
00657,8
00659,8
00674,8
00691,8
00694,8
00696,8
00698,8
00699,8
00703,8
00706,8
00712,8
00715,8
00717,8
00718,8
00723,8
00730,8
00732,8
00733,8
00734,8
00735,8
00739,8
00740,8
00747,8
00751,8
00752,8
00761,8
00765,8
00767,8
00768,8
00776,8
00787,8
00788,8
00789,8
00791,8
00794,8
00799,8
00801,8
00808,8
00816,8
00817,8
00823,8
00824,8
00827,8
00829,8
00838,8
00839,8
00841,8
00848,8
00853,8
00854,8
00859,8
00865,8
00867,8
00870,8
00871,8
00872,8
00875,8
00877,8
00878,8
00879,8
00880,8
00881,8
00882,8
00883,8
00885,8
00886,8
00888,8
00891,8
00892,8
00893,8
00896,8
00897,8
00900,8
00906,8
00910,8
00919,8
00920,8
00921,8
00924,8
00927,8
00935,8
00941,8
00943,8
00944,8
00949,8
00950,8
00957,8
00959,8
00963,8
00964,8
00967,8
00969,8
00971,8
00972,8
00974,8
00975,8
00978,8
00982,8
00984,8
00985,8
00986,8
00990,8
00993,8
00994,8
00995,8
01000,8
01003,8
01006,8
01011,8
01012,8
01013,8
01014,8
01015,8
01016,8
01023,8
01024,8
01025,8
01026,8
01031,8
01032,8
01034,8
01088,8
01090,8
01094,8
01097,8
01104,8
01105,8
01106,8
01109,8
01114,8
01116,8
01133,8
01144,8
01145,8
01148,8
01149,8
01154,8
01165,8
01167,8
00084,9
00126,9
00177,9
00183,9
00211,9
00233,9
00246,9
00253,9
00265,9
00266,9
00267,9
00300,9
00301,9
00302,9
00333,9
00366,9
00367,9
00381,9
00384,9
00427,9
00430,9
00431,9
00433,9
00436,9
00445,9
00448,9
00449,9
00451,9
00460,9
00462,9
00463,9
00464,9
00466,9
00467,9
00472,9
00473,9
00513,9
00517,9
00520,9
00526,9
00531,9
00533,9
00542,9
00544,9
00545,9
00547,9
00567,9
00611,9
00612,9
00645,9
00646,9
00652,9
00653,9
00672,9
00702,9
00714,9
00719,9
00728,9
00729,9
00742,9
00745,9
00746,9
00754,9
00755,9
00756,9
00757,9
00762,9
00770,9
00773,9
00784,9
00807,9
00835,9
00836,9
00851,9
00864,9
00911,9
00937,9
00948,9
00998,9
01007,9
01008,9
01033,9
01036,9
01040,9
01047,9
01091,9
01092,9
01126,9
01150,9
01153,9
01155,9
01174,9
01177,9
01185,9
01196,9
01200,9
01234,9
01314,9
01320,9
01321,9
01339,9
01421,9
01439,9
01442,9
01444,9
01449,9
01477,9
01489,9
01490,9
01491,9
01492,9
01520,9
01543,9
01557,9
01607,9
01651,9
01664,9
01666,9
01675,9
01687,9
01737,9
01738,9
01740,9
01750,9
01759,9
01764,9
01766,9
01788,9
01835,9
01838,9
01842,9
01883,9
01885,9
01894,9
01932,9
02003,9
02006,9
02008,9
02010,9
02047,9
02090,9
02095,9
02105,9
02110,9
02113,9
02114,9
02124,9
02126,9
02135,9
02140,9
02141,9
02168,9
02211,9
02263,9
02282,9
02283,9
02305,9
02338,9
02339,9
02384,9
02398,9
02399,9
02425,9
02430,9
02431,9
02432,9
02445,9
02446,9
02477,9
02499,9
02518,9
02527,9
02550,9
02551,9
02552,9
02553,9
02555,9
02559,9
02561,9
02562,9
02577,9
02580,9
02589,9
02610,9
02612,9
02632,9
02635,9
02639,9
02640,9
02641,9
02642,9
02643,9
02655,9
02665,9
02667,9
02668,9
02673,9
02677,9
02681,9
02688,9
02713,9
02714,9
02718,9
02719,9
02720,9
02723,9
02724,9
02725,9
02730,9
02736,9
02752,9
02762,9
02766,9
02769,9
02772,9
02777,9
02785,9
02789,9
02796,9
02800,9
02802,9
02814,9
02829,9
02836,9
02839,9
02846,9
02855,9
02860,9
02863,9
02875,9
02878,9
02881,9
02890,9
02892,9
02917,9
02919,9
02935,9
02970,9
02982,9
02997,9
03006,9
03018,9
03019,9
03038,9
03044,9
03045,9
03048,9
03054,9
03063,9
03078,9
03086,9
03088,9
03096,9
03113,9
03128,9
03138,9
03141,9
03148,9
03151,9
03158,9
03160,9
03162,9
03164,9
03167,9
03190,9
03193,9
03206,9
03226,9
03228,9
03229,9
03230,9
03235,9
03244,9
03246,9
03341,9
03409,9
03412,9
03460,9
03469,9
03478,9
03479,9
03486,9
03487,9
03488,9
03490,9
03541,9
03542,9
03561,9
03565,9
03566,9
03595,9
03632,9
03640,9
03642,9
00041,10
00086,10
00156,10
00174,10
00220,10
00234,10
00252,10
00268,10
00271,10
00272,10
00278,10
00281,10
00309,10
00325,10
00331,10
00342,10
00343,10
00345,10
00388,10
00424,10
00446,10
00483,10
00492,10
00493,10
00494,10
00557,10
00564,10
00568,10
00577,10
00587,10
00608,10
00622,10
00656,10
00661,10
00683,10
00690,10
00701,10
00705,10
00707,10
00708,10
00716,10
00720,10
00792,10
00803,10
00825,10
00843,10
00844,10
00997,10
00999,10
01002,10
01009,10
01063,10
01076,10
01078,10
01082,10
01095,10
01147,10
01157,10
01160,10
01197,10
01208,10
01210,10
01227,10
01257,10
01290,10
01299,10
01319,10
01367,10
01373,10
01406,10
01469,10
01470,10
01668,10
01678,10
01679,10
01681,10
01733,10
01789,10
01814,10
01829,10
01840,10
01855,10
01879,10
01916,10
01921,10
01924,10
01944,10
01991,10
02018,10
02028,10
02032,10
02039,10
02048,10
02062,10
02071,10
02073,10
02074,10
02080,10
02081,10
02083,10
02084,10
02104,10
02134,10
02180,10
02249,10
02292,10
02294,10
02295,10
02296,10
02320,10
02325,10
02351,10
02378,10
02437,10
02447,10
02539,10
02545,10
02554,10
02571,10
02590,10
02594,10
02602,10
02606,10
02609,10
02657,10
02678,10
02692,10
02729,10
02732,10
02733,10
02734,10
02745,10
02797,10
02841,10
02876,10
02894,10
02916,10
02960,10
02962,10
02971,10
03034,10
03064,10
03067,10
03112,10
03140,10
03153,10
03179,10
03196,10
03201,10
03204,10
03216,10
03217,10
03233,10
03238,10
03247,10
03249,10
03250,10
03324,10
03347,10
03401,10
03414,10
03430,10
03431,10
03461,10
03471,10
03575,10
03585,10
03599,10
03604,10
03648,10
03660,10
03676,10
03684,10
03693,10
03724,10
03761,10
03784,10
03802,10
03857,10
03861,10
03932,10
03935,10
03997,10
04016,10
04085,10
04151,10
04217,10
04227,10
04295,10
04315,10
04329,10
04331,10
04337,10
04345,10
04365,10
04406,10
04420,10
04457,10
04477,10
04522,10
04700,10
04796,10
04811,10
04837,10
04936,10
04950,10
04962,10
04963,10
04967,10
05006,10
05017,10
05032,10
05060,10
05075,10
05076,10
00026,2
00038,2
00049,2
00078,2
00124,2
00132,2
00159,2
00188,2
00385,2
00392,2
00412,2
00413,2
00417,2
00506,2
00572,2
00582,2
00597,2
00598,2
00609,2
00620,2
00667,2
00668,2
00769,2
00777,2
00814,2
00828,2
00894,2
00904,2
00946,2
00987,2
00996,2
01005,2
01010,2
01028,2
01060,2
01061,2
01062,2
01117,2
01131,2
01134,2
01151,2
01161,2
01169,2
01172,2
01204,2
01407,2
01416,2
01443,2
00027,1
00030,1
00045,1
00079,1
00080,1
00107,1
00125,1
00134,1
00142,1
00154,1
00157,1
00160,1
00164,1
00175,1
00178,1
00225,1
00249,1
00274,1
00305,1
00312,1
00389,1
00400,1
00440,1
00491,1
00499,1
00551,1
00554,1
00558,1
00607,1
00610,1
00618,1
00650,1
00693,1
00697,1
00713,1
00737,1
00753,1
00758,1
00842,1
00852,1
00856,1
00862,1
00866,1
00869,1
00874,1
00898,1
00923,1
00926,1
00939,1
00958,1
00965,1
00970,1
00977,1
01022,1
01030,1
01086,1
01107,1
01132,1
01141,1
01194,1
01224,1
01226,1
01228,1
01233,1
01284,1
01310,1
01311,1
01334,1
01408,1
01411,1
01448,1
01539,1
01670,1
01673,1
01688,1
01691,1
01692,1
01700,1
01826,1
01834,1
01846,1
01852,1
01887,1
01903,1
01920,1
01928,1
01933,1
01937,1
01940,1
01945,1
01960,1
02050,1
02088,1
02160,1
02179,1
02233,1
02322,1
02324,1
02337,1
02387,1
02483,1
02500,1
02501,1
02502,1
02503,1
02505,1
02513,1
02523,1
02576,1
02592,1
02597,1
02600,1
02611,1
02614,1
02617,1
02619,1
02646,1
02687,1
02690,1
02712,1
02737,1
02747,1
02763,1
02783,1
02804,1
02811,1
02818,1
02824,1
02828,1
02885,1
02893,1
02925,1
02948,1
02966,1
02993,1
03002,1
03014,1
03074,1
03095,1
03104,1
03147,1
03159,1
03163,1
03181,1
03183,1
03231,1
03236,1
03242,1
03251,1
03253,1
03285,1
03311,1
03435,1
03439,1
03467,1
03470,1
03476,1
03494,1
03499,1
03500,1
03522,1
03529,1
03531,1
03567,1
03637,1
03667,1
03700,1
03702,1
03703,1
03705,1
03735,1
03746,1
03750,1
03754,1
03782,1
03798,1
03803,1
03815,1
03865,1
03905,1
03906,1
03909,1
03920,1
04022,1
00022,7
00065,7
00135,7
00243,7
00322,7
00374,7
00444,7
00507,7
00522,7
00523,7
00530,7
00591,7
00605,7
00648,7
00666,7
00700,7
00721,7
00743,7
00749,7
00764,7
00783,7
00793,7
00819,7
00820,7
00834,7
00918,7
00933,7
00942,7
00947,7
00960,7
01042,7
01044,7
01049,7
01083,7
01085,7
01102,7
01121,7
01127,7
01230,7
01325,7
01446,7
01453,7
01540,7
01665,7
01672,7
01697,7
01707,7
01747,7
01942,7
01989,7
02065,7
02379,7
02466,7
00215,3
00316,3
00334,3
00361,3
00382,3
00401,3
00425,3
00437,3
00443,3
00536,3
00566,3
00592,3
00627,3
00636,3
00822,3
00860,3
00940,3
01084,3
01142,3
01164,3
01176,3
01832,3
02025,3
02256,3
02644,3
02663,3
02710,3
02774,3
02812,3
02889,3
03015,3
03032,3
03037,3
03053,3
03166,3
03180,3
03237,3
03747,0
03785,0
03786,0
03805,0
03810,0
03812,0
03838,0
03862,0
03866,0
03904,0
03929,0
03968,0
03978,0
04000,0
04001,0
04010,0
04011,0
04023,0
04024,0
04087,0
04094,0
04096,0
04100,0
04101,0
04128,0
04167,0
04176,0
04214,0
04215,0
04222,0
04225,0
04228,0
04240,0
04286,0
04290,0
04292,0
04293,0
04299,0
04300,0
04301,0
04306,0
04356,0
04418,0
04423,0
04648,0
04695,0
04758,0
04851,0
04864,0
04951,0
05041,0
05067,0
05196,0
05299,0
05301,0
05326,0
05345,0
05443,0
05471,0
05529,0
05567,0
05589,0
05618,0
05633,0
05647,0
05655,0
05718,0
05733,0
05745,0
05750,0
05801,0
05833,0
05834,0
05836,0
05851,0
05852,0
05853,0
05854,0
05855,0
05856,0
05859,0
05860,0
05862,0
05864,0
05865,0
05866,0
05869,0
05871,0
05872,0
05874,0
05877,0
05881,0
05883,0
05884,0
05888,0
05889,0
05890,0
05893,0
05894,0
05895,0
05896,0
05898,0
05902,0
05904,0
05905,0
05906,0
05911,0
05912,0
05913,0
05917,0
05920,0
05921,0
05922,0
05923,0
05924,0
05925,0
05926,0
05928,0
05930,0
05931,0
05936,0
05941,0
05944,0
05945,0
05948,0
05949,0
05951,0
06806,0
06807,0
06814,0
06815,0
06816,0
06818,0
06819,0
06823,0
06824,0
06829,0
06832,0
06837,0
06847,0
06849,0
06853,0
06857,0
06858,0
06860,0
06871,0
06873,0
06874,0
06877,0
06880,0
06881,0
06883,0
06884,0
06885,0
06886,0
06888,0
06891,0
06892,0
06893,0
06898,0
06903,0
06904,0
06906,0
06907,0
06911,0
06918,0
06924,0
06933,0
06954,0
06960,0
06973,0
06977,0
06985,0
06989,0
06990,0
06994,0
06996,0
06998,0
07000,0
07002,0
07005,0
07012,0
07014,0
07022,0
07023,0
07024,0
07028,0
07030,0
07037,0
07047,0
07048,0
07051,0
07055,0
07056,0
07076,0
07088,0
07089,0
07096,0
07103,0
07106,0
07110,0
07116,0
07119,0
07124,0
07127,0
07133,0
07137,0
07144,0
07145,0
07154,0
07157,0
07158,0
07159,0
07164,0
07168,0
07176,0
07180,0
07186,0
07192,0
07194,0
07197,0
07202,0
07205,0
07206,0
07216,0
07218,0
07226,0
07244,0
07253,0
07254,0
07256,0
07268,0
07271,0
07276,0
07277,0
07281,0
07283,0
07288,0
07296,0
07310,0
07314,0
07315,0
07316,0
07317,0
07318,0
07324,0
07329,0
07330,0
07338,0
07342,0
07347,0
07348,0
07375,0
07379,0
07393,0
07398,0
07402,0
07405,0
07409,0
07419,0
07422,0
07433,0
07437,0
07441,0
07443,0
07445,0
07451,0
07453,0
07457,0
07459,0
07470,0
07471,0
07473,0
07494,0
07497,0
07507,0
07517,0
07526,0
05015,4
05025,4
05096,4
05107,4
05116,4
05131,4
05175,4
05184,4
05236,4
05248,4
05289,4
05296,4
05302,4
05309,4
05313,4
05316,4
05317,4
05319,4
05320,4
05331,4
05353,4
05355,4
05391,4
05409,4
05416,4
05417,4
05419,4
05426,4
05428,4
05446,4
05449,4
05492,4
05497,4
05503,4
05507,4
05517,4
05554,4
05622,4
05626,4
05645,4
05646,4
05648,4
05652,4
05681,4
05697,4
05710,4
05712,4
05715,4
05721,4
05727,4
05737,4
05738,4
05740,4
05748,4
05756,4
05762,4
05772,4
05784,4
05786,4
05793,4
05799,4
05803,4
05806,4
05815,4
05823,4
05827,4
05848,4
05867,4
05868,4
05870,4
05901,4
05918,4
05919,4
05933,4
05950,4
06802,4
06844,4
06890,4
06912,4
06917,4
06942,4
06944,4
06949,4
06953,4
06956,4
06962,4
06966,4
06969,4
06974,4
06986,4
07015,4
07026,4
07061,4
07066,4
07071,4
07086,4
07099,4
07101,4
07102,4
07104,4
07107,4
07114,4
07136,4
07149,4
07198,4
07222,4
07227,4
07234,4
07236,4
07243,4
07260,4
07261,4
07265,4
07280,4
07282,4
07285,4
07293,4
07304,4
07305,4
07323,4
07328,4
07336,4
07346,4
07349,4
07352,4
07359,4
07382,4
07391,4
07081,5
07084,5
07090,5
07111,5
07112,5
07241,5
07345,5
07363,5
07372,5
07469,5
07539,5
07540,5
07543,5
07712,5
07768,5
07781,5
07827,5
07830,5
07863,5
07920,5
07986,5
08002,5
08005,5
08012,5
08021,5
08053,5
08069,5
08071,5
08123,5
08125,5
08142,5
08147,5
08159,5
08160,5
08167,5
08173,5
08174,5
08175,5
08179,5
08187,5
08189,5
08210,5
08212,5
08245,5
08246,5
08253,5
08278,5
08281,5
08306,5
08311,5
08318,5
08373,5
08377,5
08379,5
08409,5
08429,5
08493,5
08507,5
08510,5
08519,5
08539,5
08556,5
08558,5
08559,5
08587,5
08591,5
08622,5
08624,5
08631,5
08633,5
08642,5
08666,5
08670,5
08682,5
08697,5
08703,5
08765,5
08777,5
08780,5
08815,5
08838,5
08868,5
08876,5
08878,5
08883,5
08903,5
08946,5
08966,5
08985,5
08989,5
09012,5
09013,5
09029,5
09046,5
09143,5
09151,5
09162,5
09164,5
09183,5
09189,5
09205,5
09227,5
09246,5
09247,5
09264,5
09287,5
09291,5
09294,5
09308,5
09319,5
09320,5
09333,5
09334,5
09338,5
09342,5
09349,5
09385,5
09388,5
09399,5
09411,5
09412,5
09413,5
09433,5
09437,5
09447,5
01745,6
01746,6
01762,6
01763,6
01776,6
01798,6
01803,6
01809,6
01812,6
01818,6
01820,6
01823,6
01839,6
01862,6
01864,6
01866,6
01877,6
01878,6
01896,6
01899,6
01904,6
01906,6
01908,6
01927,6
01939,6
02002,6
02005,6
02007,6
02013,6
02014,6
02019,6
02020,6
02022,6
02023,6
02024,6
02026,6
02027,6
02030,6
02040,6
02042,6
02046,6
02059,6
02067,6
02082,6
02087,6
02102,6
02109,6
02111,6
02127,6
02133,6
02162,6
02166,6
02170,6
02172,6
02173,6
02183,6
02184,6
02186,6
02188,6
02189,6
02190,6
02191,6
02192,6
02196,6
02225,6
02227,6
02228,6
02230,6
02231,6
02234,6
02259,6
02260,6
02261,6
02265,6
02268,6
02270,6
02276,6
02279,6
02280,6
02285,6
02287,6
02291,6
02293,6
02297,6
02298,6
02299,6
02300,6
02301,6
02302,6
02303,6
02304,6
02311,6
02312,6
02321,6
02330,6
02331,6
02335,6
02346,6
02350,6
02363,6
02365,6
02367,6
02370,6
02371,6
02372,6
02392,6
02395,6
02396,6
02405,6
02407,6
02412,6
02422,6
02440,6
02449,6
02450,6
02455,6
02458,6
02459,6
02460,6
02481,6
02521,6
02522,6
02532,6
02538,6
02542,6
02546,6
02549,6
02556,6
02560,6
02566,6
02567,6
02568,6
02569,6
02573,6
02583,6
02584,6
02585,6
02586,6
02587,6
02598,6
02601,6
02604,6
02605,6
02613,6
02621,6
02622,6
02623,6
02624,6
02630,6
02631,6
02637,6
02647,6
02650,6
02651,6
02653,6
02656,6
02670,6
02682,6
02693,6
02694,6
02697,6
02699,6
02700,6
02705,6
02711,6
02739,6
02741,6
02742,6
02744,6
02748,6
02755,6
02760,6
02799,6
02801,6
02806,6
02808,6
02816,6
02821,6
02825,6
02849,6
02852,6
02856,6
02857,6
02864,6
02865,6
02866,6
02870,6
02886,6
02897,6
02900,6
02905,6
02906,6
02907,6
02911,6
02924,6
02943,6
02945,6
02946,6
02947,6
02951,6
02955,6
02956,6
02963,6
02964,6
02967,6
02977,6
02979,6
02984,6
02990,6
02992,6
02999,6
03007,6
03010,6
03020,6
03026,6
03027,6
03028,6
03033,6
03039,6
03041,6
03042,6
03085,6
03091,6
03100,6
03115,6
03122,6
03123,6
03132,6
03133,6
03150,6
03155,6
03156,6
03170,6
03187,6
03198,6
03200,6
03209,6
03224,6
03232,6
03234,6
03241,6
03255,6
03256,6
03257,6
03259,6
03284,6
03308,6
03310,6
03321,6
01199,8
01206,8
01215,8
01217,8
01219,8
01223,8
01225,8
01235,8
01240,8
01243,8
01244,8
01248,8
01249,8
01250,8
01251,8
01252,8
01253,8
01256,8
01259,8
01261,8
01264,8
01265,8
01267,8
01268,8
01269,8
01270,8
01272,8
01273,8
01278,8
01279,8
01288,8
01292,8
01293,8
01296,8
01305,8
01306,8
01308,8
01315,8
01316,8
01317,8
01323,8
01327,8
01328,8
01331,8
01346,8
01348,8
01352,8
01354,8
01358,8
01366,8
01371,8
01372,8
01376,8
01393,8
01396,8
01405,8
01410,8
01412,8
01414,8
01415,8
01420,8
01422,8
01428,8
01430,8
01431,8
01432,8
01433,8
01437,8
01438,8
01458,8
01459,8
01461,8
01465,8
01466,8
01467,8
01474,8
01488,8
01493,8
01494,8
01510,8
01514,8
01516,8
01526,8
01529,8
01530,8
01531,8
01532,8
01533,8
01536,8
01541,8
01542,8
01544,8
01545,8
01546,8
01547,8
01550,8
01552,8
01554,8
01555,8
01559,8
01572,8
01575,8
01606,8
01608,8
01616,8
01617,8
01622,8
01623,8
01625,8
01627,8
01628,8
01631,8
01632,8
01635,8
01636,8
01639,8
01640,8
01643,8
01644,8
01646,8
01649,8
01654,8
01655,8
01658,8
01659,8
01660,8
01663,8
01669,8
01674,8
01676,8
01684,8
01689,8
01698,8
01699,8
01701,8
01702,8
01705,8
01706,8
01708,8
01712,8
01714,8
01718,8
01719,8
01720,8
01721,8
01722,8
01723,8
01725,8
01726,8
01727,8
01730,8
01734,8
01739,8
01749,8
01752,8
01754,8
01755,8
01757,8
01758,8
01760,8
01769,8
01777,8
01779,8
01780,8
01781,8
01782,8
01783,8
01784,8
01787,8
01793,8
01794,8
01799,8
01801,8
01805,8
01806,8
01808,8
01810,8
01816,8
01817,8
01819,8
01821,8
01822,8
01824,8
01825,8
01831,8
01836,8
01841,8
01844,8
01845,8
01848,8
01850,8
01851,8
01854,8
01856,8
01861,8
01863,8
01870,8
01871,8
01872,8
01873,8
01874,8
01876,8
01880,8
01882,8
01886,8
01888,8
01892,8
01900,8
01901,8
01902,8
01905,8
01907,8
01909,8
01910,8
01911,8
01913,8
01915,8
01917,8
01918,8
01919,8
01922,8
01923,8
01925,8
01926,8
01929,8
01935,8
01936,8
01938,8
03670,9
03672,9
03683,9
03712,9
03727,9
03730,9
03804,9
03820,9
03826,9
03911,9
03922,9
03930,9
03931,9
03971,9
03972,9
03973,9
03979,9
03989,9
04005,9
04080,9
04095,9
04114,9
04127,9
04130,9
04153,9
04162,9
04229,9
04287,9
04291,9
04294,9
04296,9
04303,9
04318,9
04321,9
04323,9
04353,9
04354,9
04397,9
04416,9
04593,9
04633,9
04785,9
04820,9
04829,9
04830,9
04832,9
04834,9
04848,9
04865,9
05010,9
05024,9
05035,9
05093,9
05158,9
05188,9
05329,9
05427,9
05473,9
05505,9
05573,9
05599,9
05643,9
05651,9
05732,9
05734,9
05761,9
05775,9
05797,9
05841,9
05863,9
05875,9
05879,9
05882,9
05892,9
05899,9
05910,9
05916,9
05932,9
05934,9
05939,9
05947,9
06804,9
06817,9
06820,9
06821,9
06822,9
06825,9
06838,9
06839,9
06840,9
06850,9
06855,9
06856,9
06859,9
06870,9
06875,9
06876,9
06882,9
06896,9
06897,9
06899,9
06900,9
06909,9
06913,9
06914,9
06920,9
06921,9
06923,9
06927,9
06928,9
06929,9
06930,9
06936,9
06945,9
06946,9
06959,9
06965,9
06971,9
06978,9
06988,9
06991,9
06992,9
06995,9
06997,9
06999,9
07003,9
07006,9
07011,9
07013,9
07018,9
07019,9
07021,9
07025,9
07027,9
07029,9
07033,9
07034,9
07035,9
07036,9
07039,9
07040,9
07041,9
07042,9
07043,9
07046,9
07049,9
07050,9
07052,9
07053,9
07054,9
07057,9
07058,9
07059,9
07063,9
07070,9
07072,9
07073,9
07074,9
07075,9
07077,9
07079,9
07083,9
07085,9
07091,9
07093,9
07095,9
07100,9
07115,9
07120,9
07125,9
07126,9
07129,9
07131,9
07134,9
07138,9
07139,9
07141,9
07142,9
07143,9
07146,9
07147,9
07150,9
07151,9
07152,9
07153,9
07155,9
07156,9
07160,9
07161,9
07171,9
07175,9
07178,9
07181,9
07190,9
07191,9
07193,9
07195,9
07199,9
07200,9
07201,9
07203,9
07207,9
07211,9
07212,9
07213,9
07214,9
07217,9
07220,9
07224,9
07225,9
07240,9
07242,9
07245,9
07249,9
07255,9
07257,9
07264,9
07266,9
07267,9
07269,9
07270,9
07272,9
07273,9
07274,9
07275,9
07284,9
07292,9
07298,9
07300,9
07322,9
07327,9
07331,9
07333,9
07334,9
07341,9
07343,9
07344,9
07356,9
07358,9
07362,9
07365,9
07366,9
07370,9
07371,9
07373,9
07374,9
07378,9
07381,9
07397,9
07407,9
07411,9
07418,9
07425,9
07427,9
07439,9
07455,9
07463,9
07466,9
07474,9
07475,9
07476,9
07477,9
07479,9
07482,9
07483,9
07491,9
07492,9
07496,9
07498,9
07501,9
07505,9
07506,9
07509,9
07512,9
07514,9
07520,9
07524,9
07528,9
07530,9
07538,9
07544,9
07555,9
07558,9
07561,9
07565,9
07567,9
07570,9
07572,9
07585,9
07587,9
07592,9
07597,9
07598,9
07603,9
05109,10
05115,10
05128,10
05157,10
05166,10
05300,10
05303,10
05348,10
05377,10
05384,10
05423,10
05448,10
05466,10
05468,10
05483,10
05495,10
05498,10
05499,10
05500,10
05558,10
05569,10
05577,10
05579,10
05594,10
05620,10
05635,10
05675,10
05691,10
05693,10
05698,10
05704,10
05705,10
05708,10
05716,10
05720,10
05723,10
05729,10
05730,10
05769,10
05773,10
05781,10
05785,10
05787,10
05789,10
05790,10
05795,10
05804,10
05807,10
05808,10
05810,10
05814,10
05818,10
05822,10
05832,10
05839,10
05840,10
05878,10
05885,10
05886,10
05887,10
05891,10
05897,10
05908,10
05909,10
05915,10
05929,10
05935,10
05937,10
05942,10
06800,10
06803,10
06808,10
06809,10
06811,10
06812,10
06827,10
06834,10
06842,10
06845,10
06852,10
06854,10
06862,10
06864,10
06865,10
06867,10
06868,10
06869,10
06872,10
06889,10
06901,10
06910,10
06915,10
06922,10
06932,10
06935,10
06939,10
06940,10
06947,10
06950,10
06951,10
06952,10
06955,10
06957,10
06968,10
06970,10
06972,10
06981,10
06982,10
07007,10
07016,10
07017,10
07020,10
07044,10
07082,10
07092,10
07094,10
07097,10
07105,10
07108,10
07109,10
07113,10
07123,10
07128,10
07130,10
07132,10
07140,10
07148,10
07169,10
07172,10
07173,10
07177,10
07182,10
07183,10
07196,10
07204,10
07208,10
07215,10
07228,10
07229,10
07233,10
07239,10
07246,10
07247,10
07251,10
07252,10
07279,10
07286,10
07287,10
07290,10
07291,10
07294,10
07297,10
07299,10
07301,10
07303,10
07309,10
07311,10
07325,10
07339,10
07353,10
07354,10
07355,10
07357,10
07360,10
07364,10
07367,10
07368,10
07377,10
07383,10
07389,10
07392,10
07400,10
07412,10
07414,10
07416,10
07420,10
07423,10
07429,10
07435,10
07458,10
07464,10
07468,10
07480,10
07481,10
07484,10
07485,10
07488,10
07489,10
07495,10
07508,10
07510,10
07515,10
07518,10
07529,10
07532,10
07545,10
07546,10
07551,10
07578,10
07588,10
07590,10
07600,10
07601,10
07638,10
07645,10
07647,10
07664,10
07679,10
07680,10
07683,10
07686,10
07693,10
07700,10
07702,10
07719,10
01647,2
01693,2
01774,2
01847,2
01869,2
01914,2
02011,2
02078,2
02128,2
02158,2
02171,2
02193,2
02208,2
02368,2
02557,2
02565,2
02593,2
02625,2
02660,2
02676,2
02683,2
02707,2
02716,2
02764,2
02794,2
02831,2
02922,2
02986,2
02987,2
03031,2
03134,2
03173,2
03207,2
03317,2
03323,2
03449,2
03517,2
03537,2
03538,2
03572,2
03625,2
03634,2
03778,2
03822,2
03977,2
04013,2
04014,2
04034,1
04061,1
04063,1
04132,1
04145,1
04223,1
04242,1
04271,1
04273,1
04276,1
04309,1
04313,1
04379,1
04385,1
04569,1
04739,1
04769,1
04789,1
04825,1
04948,1
05009,1
05040,1
05092,1
05097,1
05102,1
05168,1
05169,1
05232,1
05272,1
05369,1
05408,1
05413,1
05429,1
05435,1
05454,1
05478,1
05485,1
05493,1
05494,1
05502,1
05556,1
05561,1
05570,1
05604,1
05607,1
05615,1
05628,1
05657,1
05659,1
05664,1
05713,1
05717,1
05757,1
05794,1
05850,1
05873,1
06828,1
06835,1
06843,1
06848,1
06879,1
06919,1
06925,1
06931,1
06934,1
06937,1
06943,1
06958,1
06967,1
06993,1
07004,1
07060,1
07064,1
07065,1
07067,1
07068,1
07078,1
07080,1
07098,1
07118,1
07121,1
07122,1
07162,1
07163,1
07165,1
07167,1
07170,1
07174,1
07179,1
07187,1
07209,1
07210,1
07219,1
07231,1
07250,1
07259,1
07262,1
07289,1
07295,1
07313,1
07319,1
07320,1
07326,1
07369,1
07380,1
07384,1
07385,1
07386,1
07387,1
07394,1
07395,1
07399,1
07403,1
07406,1
07417,1
07426,1
07431,1
07440,1
07448,1
07452,1
07456,1
07461,1
07486,1
07487,1
07490,1
07493,1
07499,1
07502,1
07511,1
07521,1
07535,1
07537,1
07547,1
07553,1
07559,1
07562,1
07580,1
07581,1
07595,1
07596,1
07602,1
07607,1
07610,1
07616,1
07640,1
07641,1
07655,1
07656,1
07659,1
07662,1
07674,1
07713,1
07723,1
07732,1
07736,1
07739,1
07749,1
07751,1
07753,1
07755,1
07766,1
07778,1
07779,1
07780,1
07784,1
07797,1
07798,1
07806,1
07816,1
07824,1
07826,1
07860,1
07864,1
07868,1
07869,1
07870,1
07895,1
07896,1
07904,1
07913,1
07914,1
07929,1
07936,1
02516,7
02544,7
02547,7
02578,7
02582,7
02595,7
02603,7
02649,7
02658,7
02675,7
02696,7
02753,7
02768,7
02778,7
02795,7
02805,7
02815,7
03029,7
03043,7
03099,7
03142,7
03202,7
03214,7
03225,7
03254,7
03383,7
03429,7
03445,7
03514,7
03564,7
03583,7
03608,7
03679,7
03797,7
03982,7
04007,7
04017,7
04026,7
04129,7
04224,7
04398,7
05108,7
05297,7
05324,7
05333,7
05386,7
05405,7
05434,7
05447,7
05458,7
05459,7
05486,7
05489,7
03343,3
03357,3
03365,3
03533,3
03589,3
03616,3
03821,3
03934,3
03983,3
04019,3
04028,3
04090,3
04097,3
04184,3
04364,3
05170,3
05287,3
05805,3
05876,3
06984,3
07031,3
07045,3
07221,3
07258,3
07263,3
07321,3
07332,3
07450,3
07504,3
07617,3
07666,3
07677,3
07696,3
07699,3
07701,3
07706,3
07720,3
09112,0
09121,0
09127,0
09134,0
09136,0
09138,0
09139,0
09144,0
09147,0
09158,0
09186,0
09190,0
09192,0
09193,0
09204,0
09209,0
09211,0
09212,0
09219,0
09231,0
09251,0
09255,0
09256,0
09261,0
09272,0
09274,0
09282,0
09286,0
09288,0
09297,0
09300,0
09307,0
09311,0
09314,0
09323,0
09326,0
09328,0
09329,0
09330,0
09336,0
09344,0
09346,0
09351,0
09359,0
09363,0
09367,0
09371,0
09383,0
09394,0
09409,0
09420,0
09428,0
09429,0
09441,0
09466,0
09490,0
09495,0
09505,0
09513,0
09517,0
09532,0
09547,0
09550,0
09557,0
09561,0
09562,0
09563,0
09574,0
09577,0
09579,0
09581,0
09596,0
09611,0
09614,0
09615,0
09643,0
09645,0
09655,0
09668,0
09671,0
09676,0
09678,0
09681,0
09693,0
09698,0
09701,0
09702,0
09704,0
09706,0
09716,0
09721,0
09724,0
09730,0
09785,0
09789,0
09793,0
09797,0
09802,0
09810,0
09814,0
09815,0
09820,0
09829,0
09834,0
09842,0
09847,0
09872,0
09883,0
09889,0
09909,0
09912,0
09915,0
09918,0
09920,0
09922,0
09930,0
09934,0
09936,0
09942,0
09943,0
09968,0
09971,0
10070,0
10164,0
10165,0
10166,0
10168,0
10169,0
10170,0
10171,0
10173,0
10175,0
10176,0
10177,0
10178,0
10179,0
10180,0
10181,0
10183,0
10185,0
10186,0
10187,0
10189,0
10190,0
10191,0
10192,0
10194,0
10195,0
10196,0
10197,0
10198,0
10199,0
10200,0
10201,0
10203,0
10204,0
10205,0
10206,0
10207,0
10208,0
10209,0
10210,0
10211,0
10212,0
10213,0
10214,0
10215,0
10216,0
10217,0
10219,0
10220,0
10221,0
10222,0
10224,0
10225,0
10226,0
10228,0
10229,0
10231,0
10232,0
10233,0
10235,0
10236,0
10237,0
10238,0
10239,0
10240,0
10241,0
10242,0
10243,0
10244,0
10245,0
10246,0
10247,0
10248,0
10249,0
10251,0
10252,0
10253,0
10254,0
10255,0
10256,0
10257,0
10258,0
10259,0
10260,0
10261,0
10262,0
10263,0
10264,0
10265,0
10266,0
10267,0
10268,0
10269,0
10270,0
10271,0
10272,0
10273,0
10274,0
10275,0
10276,0
10277,0
10278,0
10279,0
10280,0
10281,0
10282,0
10283,0
10284,0
10285,0
10286,0
10287,0
10288,0
10289,0
10290,0
10291,0
10292,0
10293,0
10294,0
10295,0
10296,0
10297,0
10299,0
10300,0
10301,0
10302,0
10303,0
10304,0
10306,0
10307,0
10308,0
10309,0
10310,0
10311,0
10312,0
10313,0
10314,0
10315,0
10317,0
10318,0
10319,0
10320,0
10321,0
10322,0
10324,0
10325,0
10326,0
10327,0
10328,0
10329,0
10330,0
10331,0
10332,0
10333,0
10334,0
10335,0
10336,0
08521,4
08529,4
08536,4
08568,4
08582,4
08601,4
08609,4
08611,4
08616,4
08619,4
08630,4
08640,4
08657,4
08659,4
08661,4
08664,4
08691,4
08696,4
08716,4
08725,4
08729,4
08732,4
08749,4
08755,4
08776,4
08784,4
08788,4
08789,4
08795,4
08805,4
08808,4
08824,4
08828,4
08832,4
08840,4
08857,4
08861,4
08888,4
08889,4
08904,4
08922,4
08939,4
08948,4
08955,4
08959,4
08961,4
08974,4
08975,4
08992,4
09007,4
09014,4
09025,4
09027,4
09030,4
09034,4
09036,4
09041,4
09043,4
09051,4
09055,4
09062,4
09073,4
09090,4
09093,4
09101,4
09103,4
09106,4
09110,4
09122,4
09123,4
09126,4
09131,4
09140,4
09153,4
09154,4
09161,4
09163,4
09169,4
09170,4
09171,4
09181,4
09197,4
09213,4
09216,4
09228,4
09235,4
09244,4
09275,4
09276,4
09299,4
09302,4
09305,4
09337,4
09353,4
09361,4
09381,4
09415,4
09439,4
09446,4
09451,4
09452,4
09464,4
09465,4
09479,4
09494,4
09502,4
09522,4
09546,4
09556,4
09571,4
09593,4
09604,4
09609,4
09624,4
09652,4
09686,4
09731,4
09747,4
09761,4
09771,4
09772,4
09780,4
09803,4
09809,4
09851,4
09862,4
09870,4
09897,4
09878,5
09879,5
09885,5
09895,5
09898,5
09900,5
09901,5
09902,5
09914,5
09927,5
09938,5
09939,5
09940,5
09944,5
09948,5
09949,5
09950,5
09960,5
09962,5
09967,5
09970,5
10435,5
10443,5
10489,5
10490,5
10491,5
10492,5
10493,5
10494,5
10496,5
10497,5
10498,5
10499,5
10500,5
10501,5
10502,5
10503,5
10504,5
10505,5
10506,5
10507,5
10508,5
10510,5
10511,5
10512,5
10513,5
10514,5
10515,5
10516,5
10517,5
10518,5
10519,5
10538,5
10539,5
10540,5
10541,5
10542,5
10543,5
10544,5
10545,5
10546,5
10547,5
10548,5
10549,5
10551,5
10552,5
10554,5
10555,5
10556,5
10557,5
10558,5
10562,5
10566,5
10567,5
10568,5
10569,5
10571,5
10572,5
10573,5
10575,5
10576,5
10580,5
10581,5
10585,5
10586,5
10587,5
10588,5
10590,5
10592,5
10594,5
10596,5
10598,5
10599,5
10604,5
10619,5
10624,5
10625,5
10629,5
10640,5
10643,5
10644,5
10645,5
10646,5
10647,5
10648,5
10649,5
10652,5
10654,5
10655,5
10660,5
10662,5
10664,5
10666,5
10675,5
10676,5
10681,5
10682,5
10683,5
10684,5
10685,5
10691,5
10692,5
10698,5
10700,5
10704,5
04421,6
04424,6
04425,6
04426,6
04431,6
04438,6
04439,6
04443,6
04446,6
04448,6
04450,6
04460,6
04462,6
04465,6
04476,6
04483,6
04493,6
04496,6
04498,6
04499,6
04500,6
04503,6
04505,6
04507,6
04508,6
04510,6
04511,6
04516,6
04518,6
04519,6
04520,6
04521,6
04524,6
04525,6
04526,6
04530,6
04531,6
04538,6
04540,6
04542,6
04543,6
04544,6
04548,6
04549,6
04553,6
04555,6
04556,6
04558,6
04560,6
04561,6
04565,6
04566,6
04567,6
04572,6
04579,6
04580,6
04581,6
04582,6
04583,6
04592,6
04597,6
04601,6
04605,6
04607,6
04610,6
04614,6
04615,6
04617,6
04620,6
04621,6
04625,6
04627,6
04630,6
04632,6
04635,6
04636,6
04637,6
04638,6
04643,6
04644,6
04649,6
04650,6
04651,6
04658,6
04664,6
04666,6
04674,6
04684,6
04686,6
04692,6
04698,6
04701,6
04702,6
04703,6
04704,6
04705,6
04709,6
04714,6
04715,6
04716,6
04717,6
04718,6
04721,6
04722,6
04723,6
04726,6
04727,6
04729,6
04733,6
04735,6
04740,6
04743,6
04748,6
04754,6
04756,6
04757,6
04759,6
04761,6
04766,6
04767,6
04768,6
04773,6
04774,6
04776,6
04777,6
04781,6
04782,6
04783,6
04784,6
04786,6
04787,6
04788,6
04790,6
04791,6
04794,6
04795,6
04801,6
04803,6
04804,6
04807,6
04809,6
04816,6
04818,6
04821,6
04822,6
04823,6
04824,6
04826,6
04831,6
04835,6
04836,6
04838,6
04839,6
04841,6
04843,6
04846,6
04849,6
04853,6
04855,6
04857,6
04860,6
04861,6
04863,6
04869,6
04871,6
04872,6
04873,6
04882,6
04883,6
04884,6
04885,6
04887,6
04892,6
04893,6
04898,6
04901,6
04905,6
04906,6
04907,6
04910,6
04914,6
04916,6
04917,6
04919,6
04920,6
04921,6
04922,6
04923,6
04924,6
04925,6
04927,6
04928,6
04929,6
04930,6
04931,6
04934,6
04935,6
04937,6
04938,6
04940,6
04941,6
04942,6
04952,6
04953,6
04954,6
04955,6
04956,6
04957,6
04959,6
04960,6
04964,6
04966,6
04968,6
04972,6
04975,6
04976,6
04979,6
04982,6
04985,6
04986,6
04991,6
04992,6
04996,6
04998,6
05000,6
05001,6
05002,6
05003,6
05005,6
05008,6
05011,6
05013,6
05016,6
05018,6
05022,6
05026,6
05029,6
05030,6
05037,6
05047,6
05049,6
05050,6
05052,6
05054,6
05057,6
05061,6
05062,6
05064,6
03154,8
03157,8
03161,8
03197,8
03210,8
03213,8
03215,8
03239,8
03261,8
03269,8
03281,8
03283,8
03312,8
03314,8
03319,8
03351,8
03361,8
03405,8
03421,8
03434,8
03438,8
03441,8
03446,8
03459,8
03502,8
03511,8
03516,8
03518,8
03557,8
03605,8
03606,8
03609,8
03610,8
03611,8
03615,8
03617,8
03618,8
03619,8
03621,8
03624,8
03627,8
03628,8
03635,8
03639,8
03647,8
03652,8
03653,8
03655,8
03656,8
03657,8
03671,8
03692,8
03699,8
03708,8
03732,8
03734,8
03736,8
03739,8
03745,8
03752,8
03759,8
03762,8
03763,8
03766,8
03768,8
03769,8
03770,8
03771,8
03772,8
03773,8
03774,8
03776,8
03817,8
03818,8
03819,8
03828,8
03830,8
03837,8
03840,8
03850,8
03851,8
03852,8
03853,8
03859,8
03888,8
03889,8
03890,8
03897,8
03898,8
03899,8
03900,8
03901,8
03913,8
03914,8
03915,8
03917,8
03918,8
03919,8
03927,8
03938,8
03939,8
03941,8
03942,8
03944,8
03945,8
03946,8
03947,8
03949,8
03950,8
03952,8
03953,8
03955,8
03956,8
03960,8
03961,8
03970,8
03993,8
03996,8
03998,8
03999,8
04002,8
04009,8
04029,8
04033,8
04036,8
04037,8
04040,8
04041,8
04044,8
04045,8
04083,8
04084,8
04103,8
04108,8
04120,8
04126,8
04135,8
04137,8
04140,8
04141,8
04146,8
04154,8
04156,8
04157,8
04158,8
04159,8
04164,8
04169,8
04172,8
04173,8
04180,8
04181,8
04182,8
04220,8
04238,8
04274,8
04283,8
04298,8
04310,8
04319,8
04333,8
04340,8
04362,8
04366,8
04367,8
04368,8
04369,8
04370,8
04371,8
04375,8
04377,8
04387,8
04389,8
04390,8
04393,8
04399,8
04401,8
04411,8
04412,8
04414,8
04419,8
04422,8
04428,8
04433,8
04435,8
04437,8
04440,8
04441,8
04442,8
04444,8
04445,8
04447,8
04449,8
04452,8
04454,8
04458,8
04459,8
04461,8
04463,8
04466,8
04468,8
04469,8
04470,8
04471,8
04472,8
04473,8
04474,8
04475,8
04487,8
04488,8
04490,8
04495,8
04501,8
04504,8
04509,8
04512,8
04515,8
04532,8
04535,8
04537,8
04546,8
04550,8
04551,8
04552,8
04562,8
04563,8
04570,8
08894,9
08897,9
08900,9
08908,9
08911,9
08912,9
08913,9
08914,9
08916,9
08924,9
08925,9
08926,9
08929,9
08933,9
08941,9
08942,9
08947,9
08956,9
08964,9
08970,9
08976,9
08990,9
08993,9
08994,9
08997,9
08998,9
09003,9
09006,9
09015,9
09016,9
09020,9
09024,9
09026,9
09038,9
09045,9
09047,9
09049,9
09054,9
09058,9
09061,9
09071,9
09082,9
09092,9
09094,9
09105,9
09111,9
09113,9
09116,9
09118,9
09124,9
09133,9
09146,9
09149,9
09165,9
09168,9
09173,9
09175,9
09177,9
09179,9
09182,9
09188,9
09199,9
09208,9
09214,9
09223,9
09230,9
09233,9
09237,9
09238,9
09266,9
09268,9
09269,9
09270,9
09271,9
09281,9
09283,9
09290,9
09292,9
09293,9
09295,9
09298,9
09313,9
09315,9
09318,9
09325,9
09332,9
09340,9
09341,9
09345,9
09348,9
09350,9
09352,9
09355,9
09358,9
09360,9
09368,9
09375,9
09376,9
09380,9
09382,9
09384,9
09386,9
09389,9
09397,9
09398,9
09402,9
09403,9
09405,9
09406,9
09414,9
09418,9
09419,9
09423,9
09427,9
09430,9
09431,9
09442,9
09448,9
09450,9
09459,9
09462,9
09470,9
09472,9
09473,9
09477,9
09484,9
09488,9
09493,9
09507,9
09516,9
09523,9
09529,9
09530,9
09531,9
09533,9
09534,9
09536,9
09537,9
09542,9
09543,9
09548,9
09552,9
09554,9
09558,9
09559,9
09564,9
09569,9
09576,9
09578,9
09588,9
09592,9
09601,9
09602,9
09612,9
09619,9
09627,9
09631,9
09632,9
09634,9
09636,9
09641,9
09642,9
09646,9
09651,9
09653,9
09657,9
09665,9
09679,9
09690,9
09694,9
09699,9
09700,9
09705,9
09712,9
09717,9
09720,9
09727,9
09737,9
09748,9
09763,9
09764,9
09767,9
09783,9
09787,9
09798,9
09807,9
09808,9
09832,9
09837,9
09841,9
09848,9
09853,9
09857,9
09860,9
09861,9
09863,9
09866,9
09867,9
09875,9
09880,9
09882,9
09884,9
09886,9
09890,9
09892,9
09893,9
09899,9
09903,9
09906,9
09910,9
09911,9
09913,9
09923,9
09928,9
09931,9
09932,9
09937,9
09941,9
09945,9
09947,9
09961,9
10002,9
10003,9
10018,9
10182,9
10223,9
10434,9
10442,9
10446,9
10449,9
10526,9
10563,9
10574,9
10577,9
10579,9
10582,9
10605,9
10606,9
10607,9
10608,9
10610,9
10611,9
10612,9
10615,9
10617,9
10618,9
10623,9
10626,9
10627,9
10630,9
10631,9
10636,9
10638,9
10659,9
10669,9
10673,9
10674,9
10687,9
10693,9
10694,9
10696,9
10699,9
10701,9
10721,9
10736,9
10747,9
10761,9
10771,9
10772,9
10781,9
10784,9
10789,9
10794,9
10795,9
10797,9
10799,9
10805,9
10806,9
10813,9
10830,9
10835,9
10841,9
10846,9
10847,9
10849,9
10850,9
10852,9
10854,9
10855,9
10856,9
10857,9
10859,9
10860,9
10861,9
09128,10
09135,10
09137,10
09150,10
09157,10
09166,10
09167,10
09176,10
09184,10
09220,10
09221,10
09224,10
09236,10
09239,10
09241,10
09242,10
09249,10
09250,10
09252,10
09254,10
09258,10
09260,10
09263,10
09285,10
09301,10
09304,10
09306,10
09343,10
09347,10
09354,10
09356,10
09362,10
09378,10
09387,10
09407,10
09408,10
09410,10
09422,10
09426,10
09435,10
09438,10
09440,10
09444,10
09449,10
09453,10
09478,10
09481,10
09509,10
09512,10
09519,10
09538,10
09540,10
09544,10
09555,10
09565,10
09599,10
09610,10
09622,10
09628,10
09647,10
09656,10
09660,10
09670,10
09677,10
09691,10
09695,10
09703,10
09722,10
09726,10
09734,10
09735,10
09750,10
09752,10
09758,10
09759,10
09794,10
09799,10
09805,10
09806,10
09811,10
09816,10
09819,10
09821,10
09831,10
09836,10
09838,10
09839,10
09843,10
09844,10
09846,10
09849,10
09864,10
09874,10
09888,10
09891,10
09894,10
09908,10
09952,10
09957,10
09965,10
09966,10
09969,10
10184,10
10433,10
10439,10
10448,10
10486,10
10487,10
10488,10
10495,10
10520,10
10522,10
10550,10
10553,10
10560,10
10564,10
10584,10
10595,10
10601,10
10603,10
10613,10
10620,10
10633,10
10634,10
10637,10
10639,10
10642,10
10650,10
10651,10
10653,10
10657,10
10663,10
10667,10
10671,10
10677,10
10678,10
10680,10
10686,10
10690,10
10695,10
10697,10
10705,10
10706,10
10707,10
10709,10
10712,10
10714,10
10717,10
10718,10
10719,10
10720,10
10724,10
10725,10
10727,10
10728,10
10730,10
10733,10
10739,10
10740,10
10741,10
10743,10
10744,10
10745,10
10746,10
10751,10
10752,10
10755,10
10756,10
10760,10
10762,10
10764,10
10767,10
10768,10
10774,10
10776,10
10779,10
10780,10
10782,10
10785,10
10788,10
10791,10
10792,10
10796,10
10798,10
10800,10
10801,10
10802,10
10803,10
10807,10
10809,10
10810,10
10811,10
10812,10
10814,10
10820,10
10821,10
10822,10
10823,10
10825,10
10826,10
10827,10
10828,10
10829,10
10831,10
10832,10
10833,10
10834,10
10838,10
10839,10
10840,10
10842,10
10853,10
10858,10
10906,10
07135,2
07166,2
07184,2
07185,2
07188,2
07189,2
07278,2
07302,2
07335,2
07390,2
07401,2
07415,2
07447,2
07503,2
07531,2
07574,2
07575,2
07629,2
07633,2
07725,2
07742,2
07750,2
07791,2
07835,2
07836,2
07853,2
07942,2
08022,2
08199,2
08244,2
08329,2
08435,2
08461,2
08499,2
08525,2
08526,2
08566,2
08603,2
08606,2
08654,2
08668,2
08692,2
08734,2
08738,2
08753,2
08760,2
08772,2
08949,1
08950,1
08952,1
08963,1
08965,1
08978,1
08987,1
08988,1
08996,1
08999,1
09004,1
09005,1
09018,1
09028,1
09040,1
09042,1
09053,1
09059,1
09070,1
09074,1
09081,1
09084,1
09096,1
09100,1
09104,1
09108,1
09114,1
09119,1
09120,1
09125,1
09129,1
09130,1
09141,1
09148,1
09155,1
09156,1
09159,1
09172,1
09178,1
09180,1
09187,1
09194,1
09196,1
09198,1
09201,1
09202,1
09206,1
09207,1
09215,1
09225,1
09234,1
09245,1
09248,1
09257,1
09259,1
09262,1
09273,1
09277,1
09278,1
09280,1
09284,1
09296,1
09303,1
09309,1
09310,1
09312,1
09316,1
09322,1
09324,1
09327,1
09331,1
09339,1
09357,1
09365,1
09366,1
09370,1
09373,1
09374,1
09377,1
09379,1
09390,1
09391,1
09392,1
09393,1
09395,1
09396,1
09400,1
09417,1
09421,1
09424,1
09432,1
09434,1
09436,1
09455,1
09463,1
09471,1
09476,1
09480,1
09496,1
09500,1
09504,1
09514,1
09515,1
09520,1
09541,1
09553,1
09560,1
09580,1
09582,1
09583,1
09585,1
09587,1
09590,1
09595,1
09598,1
09605,1
09606,1
09613,1
09617,1
09620,1
09621,1
09626,1
09633,1
09638,1
09667,1
09673,1
09710,1
09714,1
09738,1
09755,1
09762,1
09786,1
09813,1
09818,1
09824,1
09827,1
09840,1
09850,1
09855,1
09869,1
09871,1
09881,1
09916,1
09924,1
09925,1
09926,1
09929,1
09933,1
09953,1
09954,1
09959,1
09964,1
10202,1
10250,1
10298,1
10316,1
10323,1
10341,1
10393,1
10401,1
10441,1
10444,1
10468,1
10509,1
10521,1
10559,1
10561,1
10593,1
10597,1
10614,1
10641,1
10658,1
10661,1
10665,1
10668,1
10672,1
10688,1
10689,1
10702,1
10708,1
10753,1
10763,1
10765,1
08120,7
08122,7
08132,7
08207,7
08221,7
08225,7
08242,7
08255,7
08310,7
08313,7
08324,7
08346,7
08365,7
08381,7
08415,7
08482,7
08517,7
08581,7
08588,7
08607,7
08647,7
08714,7
08737,7
08771,7
08792,7
08793,7
08794,7
08796,7
08852,7
08871,7
08896,7
08935,7
08962,7
08973,7
08977,7
08983,7
09009,7
09019,7
09069,7
09160,7
09185,7
09200,7
09203,7
09222,7
09226,7
09232,7
09267,7
09279,7
09289,7
09364,7
09372,7
09445,7
08676,3
08773,3
08785,3
08858,3
08920,3
08944,3
09000,3
09002,3
09008,3
09077,3
09088,3
09089,3
09097,3
09098,3
09099,3
09145,3
09174,3
09191,3
09195,3
09210,3
09217,3
09240,3
09317,3
09335,3
09416,3
09425,3
09485,3
09491,3
09511,3
09527,3
09603,3
09625,3
09666,3
09683,3
09768,3
09769,3
10337,0
10338,0
10339,0
10340,0
10342,0
10343,0
10344,0
10345,0
10346,0
10347,0
10348,0
10349,0
10350,0
10351,0
10352,0
10353,0
10354,0
10355,0
10356,0
10357,0
10358,0
10359,0
10360,0
10361,0
10362,0
10363,0
10364,0
10365,0
10366,0
10367,0
10368,0
10369,0
10370,0
10371,0
10372,0
10373,0
10374,0
10375,0
10376,0
10377,0
10378,0
10379,0
10380,0
10381,0
10382,0
10383,0
10384,0
10385,0
10386,0
10387,0
10388,0
10389,0
10390,0
10391,0
10394,0
10395,0
10396,0
10397,0
10398,0
10399,0
10400,0
10402,0
10403,0
10405,0
10406,0
10407,0
10408,0
10409,0
10410,0
10411,0
10412,0
10413,0
10414,0
10415,0
10416,0
10417,0
10418,0
10419,0
10420,0
10422,0
10424,0
10425,0
10426,0
10427,0
10428,0
10429,0
10430,0
10431,0
10432,0
10437,0
10440,0
10445,0
10450,0
10451,0
10452,0
10453,0
10454,0
10455,0
10456,0
10457,0
10458,0
10459,0
10460,0
10461,0
10463,0
10464,0
10465,0
10466,0
10467,0
10469,0
10470,0
10471,0
10472,0
10473,0
10474,0
10475,0
10476,0
10477,0
10479,0
10480,0
10481,0
10482,0
10483,0
10484,0
10485,0
10523,0
10524,0
10525,0
10528,0
10533,0
10534,0
10535,0
10536,0
10570,0
10589,0
10602,0
10621,0
10679,0
10703,0
10731,0
10749,0
10817,0
10836,0
10889,0
10918,0
10922,0
10960,0
10975,0
11174,0
11200,0
15012,0
15028,0
15057,0
15059,0
15063,0
15074,0
15078,0
15086,0
15095,0
15097,0
15112,0
15116,0
15117,0
15118,0
15123,0
15128,0
15135,0
15140,0
15153,0
15160,0
15161,0
15169,0
15194,0
15197,0
15213,0
15220,0
15227,0
15236,0
15242,0
15252,0
15258,0
15270,0
15272,0
15275,0
15276,0
15278,0
15287,0
15290,0
15294,0
15300,0
15308,0
15312,0
15313,0
15319,0
15324,0
15325,0
15326,0
15330,0
15332,0
15334,0
15340,0
15349,0
15356,0
15359,0
15362,0
15366,0
15367,0
15369,0
15386,0
15387,0
15394,0
15395,0
15396,0
15401,0
15406,0
15408,0
15410,0
15416,0
15422,0
15442,0
15448,0
15449,0
15452,0
15453,0
15456,0
15473,0
15475,0
15476,0
15478,0
15480,0
15493,0
15494,0
15510,0
15515,0
15526,0
15529,0
15531,0
15534,0
15535,0
15541,0
15546,0
15570,0
15572,0
15573,0
15579,0
15580,0
15583,0
15590,0
15597,0
15601,0
15602,0
15604,0
20012,0
20022,0
20023,0
20024,0
20025,0
20026,0
20028,0
20029,0
20030,0
20031,0
20032,0
20033,0
20034,0
20035,0
20036,0
20037,0
20038,0
20039,0
20040,0
20041,0
20042,0
20044,0
20045,0
20054,0
20065,0
20097,0
09907,4
09919,4
09921,4
09935,4
09946,4
09951,4
09955,4
09956,4
09958,4
10036,4
10090,4
10091,4
10094,4
10096,4
10099,4
10102,4
10111,4
10112,4
10114,4
10115,4
10118,4
10125,4
10128,4
10129,4
10131,4
10134,4
10135,4
10141,4
10146,4
10148,4
10149,4
10150,4
10153,4
10154,4
10155,4
10156,4
10157,4
10159,4
10160,4
10161,4
10162,4
10163,4
10174,4
10188,4
10227,4
10305,4
10392,4
10404,4
10438,4
10478,4
10527,4
10530,4
10537,4
10632,4
10635,4
10670,4
10715,4
10754,4
10793,4
10818,4
10843,4
10888,4
10912,4
10927,4
10931,4
10972,4
11018,4
11021,4
11154,4
11201,4
11242,4
11247,4
11250,4
15000,4
15016,4
15020,4
15021,4
15043,4
15103,4
15111,4
15178,4
15181,4
15185,4
15250,4
15267,4
15271,4
15283,4
15316,4
15352,4
15354,4
15361,4
15388,4
15421,4
15443,4
15446,4
15447,4
15466,4
15469,4
15474,4
15508,4
15516,4
15527,4
15545,4
15547,4
15555,4
15558,4
15576,4
15585,4
15588,4
15593,4
15599,4
15608,4
20000,4
20001,4
20002,4
20004,4
20005,4
20006,4
20007,4
20008,4
20010,4
20011,4
20014,4
20015,4
20019,4
20043,4
20095,4
10711,5
10716,5
10722,5
10723,5
10726,5
10729,5
10734,5
10735,5
10737,5
10738,5
10742,5
10748,5
10750,5
10757,5
10758,5
10759,5
10769,5
10773,5
10777,5
10786,5
10819,5
10824,5
11125,5
11169,5
11170,5
11236,5
11244,5
11252,5
11253,5
11257,5
15055,5
15064,5
15070,5
15073,5
15079,5
15094,5
15101,5
15102,5
15105,5
15106,5
15107,5
15113,5
15121,5
15124,5
15126,5
15127,5
15134,5
15145,5
15146,5
15150,5
15159,5
15162,5
15164,5
15166,5
15167,5
15172,5
15174,5
15175,5
15179,5
15182,5
15186,5
15189,5
15192,5
15195,5
15196,5
15200,5
15210,5
15212,5
15215,5
15216,5
15228,5
15232,5
15233,5
15241,5
15247,5
15256,5
15264,5
15277,5
15284,5
15288,5
15289,5
15317,5
15335,5
15371,5
15372,5
15375,5
15377,5
15383,5
15397,5
15399,5
15400,5
15407,5
15409,5
15427,5
15438,5
15471,5
15485,5
15487,5
15499,5
15505,5
15512,5
15514,5
15537,5
15550,5
15556,5
15571,5
15584,5
15592,5
15594,5
20046,5
20047,5
20048,5
20049,5
20050,5
20051,5
20052,5
20053,5
20055,5
20056,5
20057,5
20058,5
20059,5
20060,5
20062,5
20063,5
05065,6
05068,6
05069,6
05070,6
05077,6
05079,6
05085,6
05086,6
05087,6
05089,6
05090,6
05091,6
05094,6
05095,6
05098,6
05099,6
05101,6
05103,6
05104,6
05105,6
05106,6
05111,6
05113,6
05114,6
05118,6
05120,6
05121,6
05122,6
05123,6
05124,6
05126,6
05127,6
05129,6
05130,6
05133,6
05134,6
05135,6
05137,6
05138,6
05139,6
05141,6
05142,6
05143,6
05144,6
05145,6
05146,6
05147,6
05148,6
05149,6
05150,6
05152,6
05154,6
05155,6
05156,6
05160,6
05161,6
05163,6
05164,6
05165,6
05172,6
05176,6
05177,6
05178,6
05179,6
05181,6
05183,6
05185,6
05186,6
05190,6
05198,6
05199,6
05203,6
05205,6
05206,6
05215,6
05217,6
05218,6
05225,6
05228,6
05230,6
05231,6
05240,6
05241,6
05242,6
05247,6
05249,6
05253,6
05256,6
05264,6
05265,6
05268,6
05282,6
05286,6
05290,6
05291,6
05293,6
05306,6
05310,6
05314,6
05334,6
05339,6
05341,6
05344,6
05354,6
05363,6
05365,6
05366,6
05367,6
05372,6
05379,6
05381,6
05383,6
05385,6
05387,6
05389,6
05390,6
05393,6
05395,6
05396,6
05397,6
05398,6
05400,6
05415,6
05421,6
05424,6
05431,6
05432,6
05437,6
05438,6
05440,6
05441,6
05442,6
05444,6
05456,6
05457,6
05460,6
05462,6
05469,6
05470,6
05472,6
05474,6
05475,6
05476,6
05477,6
05481,6
05484,6
05501,6
05513,6
05525,6
05534,6
05536,6
05564,6
05565,6
05568,6
05574,6
05588,6
05605,6
05611,6
05612,6
05616,6
05621,6
05625,6
05637,6
05638,6
05639,6
05654,6
05656,6
05658,6
05660,6
05662,6
05663,6
05665,6
05666,6
05668,6
05679,6
05680,6
05683,6
05684,6
05685,6
05694,6
05695,6
05699,6
05700,6
05701,6
05707,6
05714,6
05719,6
05722,6
05726,6
05731,6
05736,6
05739,6
05743,6
05749,6
05763,6
05767,6
05770,6
05771,6
05777,6
05779,6
05782,6
05788,6
05791,6
05792,6
05798,6
05800,6
05802,6
05811,6
05812,6
05816,6
05817,6
05819,6
05820,6
05825,6
05828,6
05829,6
05830,6
05837,6
05838,6
05842,6
05844,6
05849,6
05907,6
05940,6
06801,6
06805,6
06830,6
06841,6
06863,6
06866,6
06878,6
06894,6
06926,6
06983,6
07678,6
07728,6
07811,6
08046,6
08067,6
08503,6
08593,6
08873,6
09265,6
10609,6
15030,6
15461,6
15472,6
20093,6
04571,8
04574,8
04575,8
04576,8
04577,8
04584,8
04594,8
04595,8
04596,8
04600,8
04606,8
04608,8
04609,8
04618,8
04619,8
04624,8
04647,8
04656,8
04659,8
04660,8
04667,8
04670,8
04671,8
04672,8
04673,8
04676,8
04677,8
04678,8
04680,8
04685,8
04688,8
04693,8
04694,8
04707,8
04708,8
04711,8
04713,8
04719,8
04720,8
04725,8
04732,8
04734,8
04737,8
04738,8
04741,8
04742,8
04749,8
04751,8
04752,8
04753,8
04764,8
04775,8
04805,8
04813,8
04814,8
04815,8
04819,8
04833,8
04840,8
04844,8
04845,8
04852,8
04856,8
04859,8
04862,8
04866,8
04867,8
04868,8
04870,8
04874,8
04875,8
04876,8
04878,8
04881,8
04888,8
04897,8
04899,8
04900,8
04902,8
04909,8
04911,8
04912,8
04913,8
04915,8
04939,8
04943,8
04944,8
04946,8
04949,8
04958,8
04961,8
04969,8
04970,8
04971,8
04973,8
04977,8
04978,8
04980,8
04981,8
04984,8
04987,8
04989,8
04993,8
04995,8
04999,8
05004,8
05007,8
05012,8
05014,8
05021,8
05027,8
05028,8
05031,8
05033,8
05034,8
05036,8
05039,8
05042,8
05043,8
05045,8
05046,8
05053,8
05055,8
05056,8
05058,8
05063,8
05066,8
05071,8
05072,8
05074,8
05078,8
05080,8
05081,8
05082,8
05100,8
05110,8
05117,8
05125,8
05132,8
05136,8
05140,8
05151,8
05153,8
05159,8
05174,8
05213,8
05214,8
05216,8
05227,8
05229,8
05235,8
05245,8
05246,8
05254,8
05258,8
05263,8
05271,8
05276,8
05279,8
05280,8
05284,8
05288,8
05292,8
05308,8
05311,8
05312,8
05315,8
05318,8
05325,8
05328,8
05335,8
05336,8
05340,8
05343,8
05346,8
05347,8
05349,8
05361,8
05364,8
05370,8
05373,8
05375,8
05376,8
05378,8
05380,8
05382,8
05388,8
05394,8
05403,8
05439,8
05450,8
05463,8
05464,8
05465,8
05480,8
05509,8
05514,8
05515,8
05547,8
05559,8
05572,8
05634,8
05636,8
05641,8
05649,8
05653,8
05667,8
05671,8
05672,8
05674,8
05688,8
05689,8
05692,8
05696,8
05709,8
05725,8
05746,8
05747,8
05751,8
05753,8
05759,8
05764,8
05778,8
05783,8
05796,8
05821,8
05847,8
10864,9
10866,9
10867,9
10868,9
10870,9
10871,9
10872,9
10873,9
10874,9
10875,9
10876,9
10877,9
10878,9
10879,9
10880,9
10883,9
10884,9
10885,9
10886,9
10887,9
10890,9
10892,9
10895,9
10897,9
10899,9
10901,9
10903,9
10905,9
10907,9
10908,9
10909,9
10911,9
10914,9
10915,9
10916,9
10917,9
10920,9
10921,9
10923,9
10924,9
10925,9
10926,9
10928,9
10929,9
10930,9
10932,9
10933,9
10934,9
10935,9
10936,9
10937,9
10938,9
10939,9
10940,9
10941,9
10942,9
10944,9
10945,9
10946,9
10948,9
10949,9
10952,9
10955,9
10956,9
10957,9
10958,9
10959,9
10963,9
10964,9
10965,9
10966,9
10967,9
10968,9
10969,9
10970,9
10971,9
10973,9
10974,9
10976,9
10977,9
10978,9
10979,9
10980,9
10981,9
10982,9
10983,9
10984,9
10986,9
10987,9
10988,9
10990,9
10992,9
10993,9
10994,9
10995,9
10996,9
10997,9
10998,9
10999,9
11001,9
11003,9
11004,9
11005,9
11006,9
11010,9
11011,9
11012,9
11013,9
11015,9
11016,9
11017,9
11019,9
11020,9
11022,9
11023,9
11025,9
11026,9
11027,9
11028,9
11029,9
11030,9
11031,9
11032,9
11033,9
11034,9
11036,9
11037,9
11038,9
11039,9
11041,9
11042,9
11043,9
11044,9
11047,9
11048,9
11049,9
11050,9
11051,9
11052,9
11053,9
11054,9
11055,9
11056,9
11060,9
11062,9
15004,9
15058,9
15060,9
15067,9
15071,9
15072,9
15076,9
15080,9
15081,9
15083,9
15084,9
15085,9
15087,9
15088,9
15090,9
15091,9
15093,9
15115,9
15119,9
15122,9
15125,9
15130,9
15133,9
15136,9
15137,9
15139,9
15142,9
15154,9
15156,9
15165,9
15170,9
15171,9
15176,9
15177,9
15187,9
15190,9
15198,9
15199,9
15202,9
15203,9
15207,9
15208,9
15214,9
15218,9
15219,9
15223,9
15235,9
15237,9
15239,9
15240,9
15244,9
15254,9
15255,9
15257,9
15261,9
15265,9
15266,9
15268,9
15279,9
15281,9
15282,9
15286,9
15291,9
15293,9
15296,9
15297,9
15299,9
15302,9
15307,9
15314,9
15315,9
15327,9
15331,9
15333,9
15336,9
15338,9
15341,9
15346,9
15357,9
15358,9
15360,9
15368,9
15370,9
15373,9
15376,9
15380,9
15382,9
15384,9
15385,9
15389,9
15392,9
15398,9
15412,9
15413,9
15417,9
15434,9
15435,9
15436,9
15444,9
15445,9
15450,9
15457,9
15463,9
15464,9
15470,9
15486,9
15490,9
15491,9
15492,9
15497,9
15500,9
15507,9
15511,9
15523,9
15524,9
15525,9
15536,9
15539,9
15543,9
15544,9
15557,9
15562,9
15563,9
15574,9
15577,9
15589,9
15596,9
15598,9
15606,9
15610,9
15611,9
20016,9
20064,9
20066,9
20067,9
20068,9
20069,9
20070,9
20071,9
20072,9
20073,9
20074,9
20075,9
20077,9
20078,9
20079,9
20080,9
20081,9
20082,9
10943,10
11046,10
11057,10
11064,10
11065,10
11066,10
11067,10
11068,10
11069,10
11070,10
11071,10
11072,10
11073,10
11074,10
11075,10
11076,10
11077,10
11078,10
11079,10
11080,10
11081,10
11082,10
11083,10
11084,10
11085,10
11086,10
11087,10
11088,10
11089,10
11090,10
11091,10
11092,10
11093,10
11094,10
11095,10
11096,10
11097,10
11098,10
11099,10
11100,10
11101,10
11102,10
11104,10
11105,10
11106,10
11107,10
11108,10
11109,10
11110,10
11111,10
11112,10
11113,10
11114,10
11115,10
11116,10
11117,10
11118,10
11119,10
11120,10
11121,10
11122,10
11126,10
11127,10
11128,10
11129,10
11130,10
11131,10
11132,10
11133,10
11134,10
11135,10
11136,10
11137,10
11138,10
11139,10
11140,10
11144,10
11145,10
11146,10
11147,10
11148,10
11149,10
11150,10
11151,10
11153,10
11156,10
11157,10
11158,10
11159,10
11160,10
11161,10
11162,10
11163,10
11165,10
11166,10
11167,10
11168,10
11172,10
11173,10
11175,10
11176,10
11177,10
11178,10
11179,10
11180,10
11181,10
11182,10
11183,10
11184,10
11185,10
11186,10
11187,10
11188,10
11190,10
11191,10
11192,10
11193,10
11195,10
11196,10
11197,10
11198,10
11199,10
11202,10
11205,10
11206,10
11207,10
11208,10
11209,10
11226,10
11227,10
11228,10
11230,10
11231,10
11232,10
11233,10
11234,10
11235,10
11237,10
11240,10
11241,10
11243,10
11254,10
11255,10
11256,10
11258,10
15017,10
15065,10
15068,10
15069,10
15089,10
15092,10
15129,10
15141,10
15149,10
15152,10
15168,10
15188,10
15193,10
15201,10
15205,10
15217,10
15231,10
15243,10
15263,10
15274,10
15280,10
15285,10
15310,10
15321,10
15339,10
15343,10
15345,10
15364,10
15374,10
15393,10
15420,10
15424,10
15439,10
15458,10
15462,10
15484,10
15496,10
15498,10
15501,10
15503,10
15506,10
15513,10
15521,10
15548,10
15549,10
15552,10
15553,10
15554,10
15564,10
15565,10
15567,10
15568,10
15569,10
15578,10
15586,10
15605,10
15607,10
15613,10
20083,10
20084,10
20086,10
20087,10
20089,10
20090,10
20091,10
20092,10
20094,10
20096,10
20098,10
08804,2
08870,2
08887,2
08927,2
08928,2
08937,2
08954,2
09044,2
09102,2
09218,2
09229,2
09243,2
09253,2
09321,2
09401,2
09443,2
09454,2
09482,2
09545,2
09685,2
09873,2
09896,2
09963,2
10044,2
10107,2
10133,2
10143,2
10151,2
10152,2
10158,2
10234,2
10447,2
10532,2
10845,2
15011,2
15096,2
15114,2
15120,2
15163,2
15204,2
15224,2
15323,2
15351,2
15418,2
15437,2
15488,2
15561,2
10766,1
10770,1
10775,1
10778,1
10783,1
10787,1
10790,1
10804,1
10808,1
10815,1
10816,1
10837,1
10851,1
10863,1
10865,1
10869,1
10882,1
10893,1
10896,1
10902,1
10904,1
10910,1
10913,1
10947,1
10951,1
10953,1
10961,1
10962,1
10991,1
11000,1
11008,1
11009,1
11014,1
11024,1
11059,1
11063,1
11123,1
11124,1
11142,1
11143,1
11152,1
11171,1
11203,1
11229,1
11238,1
11239,1
11245,1
11246,1
11249,1
15001,1
15003,1
15005,1
15006,1
15007,1
15008,1
15009,1
15010,1
15013,1
15014,1
15018,1
15022,1
15025,1
15027,1
15029,1
15031,1
15033,1
15034,1
15035,1
15036,1
15037,1
15042,1
15044,1
15046,1
15047,1
15049,1
15051,1
15053,1
15054,1
15056,1
15061,1
15066,1
15075,1
15077,1
15098,1
15100,1
15109,1
15132,1
15138,1
15144,1
15147,1
15148,1
15157,1
15158,1
15173,1
15180,1
15183,1
15184,1
15209,1
15211,1
15221,1
15222,1
15225,1
15226,1
15229,1
15230,1
15234,1
15246,1
15248,1
15249,1
15251,1
15259,1
15260,1
15262,1
15269,1
15273,1
15298,1
15301,1
15304,1
15305,1
15309,1
15311,1
15320,1
15322,1
15328,1
15337,1
15342,1
15344,1
15353,1
15363,1
15378,1
15379,1
15381,1
15390,1
15391,1
15402,1
15405,1
15411,1
15414,1
15415,1
15419,1
15425,1
15426,1
15428,1
15429,1
15430,1
15431,1
15433,1
15441,1
15451,1
15454,1
15477,1
15479,1
15481,1
15482,1
15483,1
15489,1
15502,1
15504,1
15509,1
15517,1
15520,1
15522,1
15530,1
15532,1
15533,1
15538,1
15542,1
15551,1
15560,1
15566,1
15575,1
15587,1
15591,1
15600,1
15603,1
15609,1
15612,1
20013,1
20017,1
20020,1
20061,1
20085,1
20088,1
09475,7
09486,7
09506,7
09526,7
09594,7
09689,7
09709,7
09756,7
09835,7
09887,7
09904,7
09917,7
10218,7
10462,7
10848,7
10862,7
10894,7
10898,7
10900,7
10919,7
10989,7
11002,7
11035,7
11040,7
11045,7
11058,7
11141,7
15015,7
15032,7
15039,7
15110,7
15151,7
15155,7
15191,7
15238,7
15245,7
15292,7
15295,7
15329,7
15347,7
15355,7
15403,7
15423,7
15440,7
15465,7
15495,7
15518,7
15559,7
15582,7
15595,7
20018,7
20021,7
09817,3
09852,3
09905,3
10001,3
10436,3
10529,3
10531,3
10881,3
10950,3
10954,3
10985,3
11007,3
11155,3
15002,3
15038,3
15040,3
15048,3
15052,3
15062,3
15104,3
15143,3
15206,3
15253,3
15303,3
15348,3
15404,3
15432,3
15455,3
15459,3
15460,3
15467,3
15519,3
15528,3
15540,3
15581,3
20009,3
